-- phpMyAdmin SQL Dump
-- version 5.2.0
-- https://www.phpmyadmin.net/
--
-- Host: 127.0.0.1
-- Generation Time: Feb 23, 2024 at 06:13 PM
-- Server version: 10.4.27-MariaDB
-- PHP Version: 8.1.12

SET SQL_MODE = "NO_AUTO_VALUE_ON_ZERO";
START TRANSACTION;
SET time_zone = "+00:00";


/*!40101 SET @OLD_CHARACTER_SET_CLIENT=@@CHARACTER_SET_CLIENT */;
/*!40101 SET @OLD_CHARACTER_SET_RESULTS=@@CHARACTER_SET_RESULTS */;
/*!40101 SET @OLD_COLLATION_CONNECTION=@@COLLATION_CONNECTION */;
/*!40101 SET NAMES utf8mb4 */;

--
-- Database: `inventura`
--

-- --------------------------------------------------------

--
-- Table structure for table `vl_barkodovi`
--

CREATE TABLE `vl_barkodovi` (
  `id` int(11) NOT NULL,
  `proizvod_id` int(11) NOT NULL,
  `barkod` varchar(13) NOT NULL
) ENGINE=InnoDB DEFAULT CHARSET=utf8mb4 COLLATE=utf8mb4_general_ci;

--
-- Dumping data for table `vl_barkodovi`
--

INSERT INTO `vl_barkodovi` (`id`, `proizvod_id`, `barkod`) VALUES
(1, 211, '1000290002110'),
(2, 212, '1000290002127'),
(3, 213, '1000290002134'),
(4, 214, '1000290002141'),
(5, 215, '1000290002158'),
(6, 216, '1000290002165'),
(7, 217, '1000290002172'),
(8, 218, '1000290002189'),
(9, 219, '1000290002196'),
(10, 220, '1000290002202'),
(11, 221, '1000290002219'),
(12, 222, '1000290002226'),
(13, 223, '1000290002233'),
(14, 224, '1000290002240'),
(15, 225, '1000290002257'),
(16, 226, '1000300002260'),
(17, 227, '1000300002277'),
(18, 228, '1000300002284'),
(19, 229, '1000300002291'),
(20, 230, '1000300002307'),
(21, 231, '1000300002314'),
(22, 232, '1000300002321'),
(23, 233, '1000300002338'),
(24, 234, '1000300002345'),
(25, 235, '1000300002352'),
(26, 236, '1000300002369'),
(27, 237, '1000300002376'),
(28, 238, '1000300002383'),
(29, 239, '1000300002390'),
(30, 240, '1000300002406'),
(31, 241, '1000310002410'),
(32, 242, '1000310002427'),
(33, 243, '1000310002434'),
(34, 244, '1000310002441'),
(35, 245, '1000310002458'),
(36, 246, '1000310002465'),
(37, 247, '1000310002472'),
(38, 248, '1000310002489'),
(39, 249, '1000310002496'),
(40, 250, '1000310002502'),
(41, 251, '1000310002519'),
(42, 252, '1000310002526'),
(43, 253, '1000310002533'),
(44, 254, '1000310002540'),
(45, 255, '1000310002557'),
(46, 256, '1000320002561'),
(47, 257, '1000320002578'),
(48, 258, '1000320002585'),
(49, 259, '1000320002592'),
(50, 260, '1000320002608'),
(51, 261, '1000320002615'),
(52, 262, '1000320002622'),
(53, 263, '1000320002639'),
(54, 264, '1000320002646'),
(55, 265, '1000320002653'),
(56, 266, '1000320002660'),
(57, 267, '1000320002677'),
(58, 268, '1000320002684'),
(59, 269, '1000320002691'),
(60, 270, '1000320002707'),
(61, 271, '1000330002711'),
(62, 272, '1000330002728'),
(63, 273, '1000330002735'),
(64, 274, '1000330002742'),
(65, 275, '1000330002759'),
(66, 276, '1000330002766'),
(67, 277, '1000330002773'),
(68, 278, '1000330002780'),
(69, 279, '1000330002797'),
(70, 280, '1000330002803'),
(71, 281, '1000330002810'),
(72, 282, '1000330002827'),
(73, 283, '1000330002834'),
(74, 284, '1000330002841'),
(75, 285, '1000330002858'),
(76, 286, '1000340002862'),
(77, 287, '1000340002879'),
(78, 288, '1000340002886'),
(79, 289, '1000340002893'),
(80, 290, '1000340002909'),
(81, 291, '1000340002916'),
(82, 292, '1000340002923'),
(83, 293, '1000340002930'),
(84, 294, '1000340002947'),
(85, 295, '1000340002954'),
(86, 296, '1000340002961'),
(87, 297, '1000340002978'),
(88, 298, '1000340002985'),
(89, 299, '1000340002992'),
(90, 300, '1000340003005'),
(91, 301, '1000350003019'),
(92, 302, '1000350003026'),
(93, 303, '1000350003033'),
(94, 304, '1000350003040'),
(95, 305, '1000350003057'),
(96, 306, '1000350003064'),
(97, 307, '1000350003071'),
(98, 308, '1000350003088'),
(99, 309, '1000350003095'),
(100, 310, '1000350003101'),
(101, 311, '1000350003118'),
(102, 312, '1000350003125'),
(103, 313, '1000350003132'),
(104, 314, '1000350003149'),
(105, 315, '1000350003156'),
(106, 316, '1000360003160'),
(107, 317, '1000360003177'),
(108, 318, '1000360003184'),
(109, 319, '1000360003191'),
(110, 320, '1000360003207'),
(111, 321, '1000360003214'),
(112, 322, '1000360003221'),
(113, 323, '1000360003238'),
(114, 324, '1000360003245'),
(115, 325, '1000360003252'),
(116, 326, '1000360003269'),
(117, 327, '1000360003276'),
(118, 328, '1000360003283'),
(119, 329, '1000360003290'),
(120, 330, '1000360003306'),
(121, 331, '1000370003310'),
(122, 332, '1000370003327'),
(123, 333, '1000370003334'),
(124, 334, '1000370003341'),
(125, 335, '1000370003358'),
(126, 336, '1000370003365'),
(127, 337, '1000370003372'),
(128, 338, '1000370003389'),
(129, 339, '1000370003396'),
(130, 340, '1000370003402'),
(131, 341, '1000370003419'),
(132, 342, '1000370003426'),
(133, 343, '1000370003433'),
(134, 344, '1000370003440'),
(135, 345, '1000370003457'),
(136, 346, '1000380003461'),
(137, 347, '1000380003478'),
(138, 348, '1000380003485'),
(139, 349, '1000380003492'),
(140, 350, '1000380003508'),
(141, 351, '1000380003515'),
(142, 352, '1000380003522'),
(143, 353, '1000380003539'),
(144, 354, '1000380003546'),
(145, 355, '1000380003553'),
(146, 356, '1000380003560'),
(147, 357, '1000380003577'),
(148, 358, '1000380003584'),
(149, 359, '1000380003591'),
(150, 360, '1000380003607'),
(151, 361, '1000390003611'),
(152, 362, '1000390003628'),
(153, 363, '1000390003635'),
(154, 364, '1000390003642'),
(155, 365, '1000390003659'),
(156, 366, '1000390003666'),
(157, 367, '1000390003673'),
(158, 368, '1000390003680'),
(159, 369, '1000390003697'),
(160, 370, '1000390003703'),
(161, 371, '1000390003710'),
(162, 372, '1000390003727'),
(163, 373, '1000390003734'),
(164, 374, '1000390003741'),
(165, 375, '1000390003758'),
(166, 376, '1000400003761'),
(167, 377, '1000400003778'),
(168, 378, '1000400003785'),
(169, 379, '1000400003792'),
(170, 380, '1000400003808'),
(171, 381, '1000400003815'),
(172, 382, '1000400003822'),
(173, 383, '1000400003839'),
(174, 384, '1000400003846'),
(175, 385, '1000400003853'),
(176, 386, '1000400003860'),
(177, 387, '1000400003877'),
(178, 388, '1000400003884'),
(179, 389, '1000400003891'),
(180, 390, '1000400003907'),
(181, 391, '1000410003911'),
(182, 392, '1000410003928'),
(183, 393, '1000410003935'),
(184, 394, '1000410003942'),
(185, 395, '1000410003959'),
(186, 396, '1000410003966'),
(187, 397, '1000410003973'),
(188, 398, '1000410003980'),
(189, 399, '1000410003997'),
(190, 400, '1000410004000'),
(191, 401, '1000410004017'),
(192, 402, '1000410004024'),
(193, 403, '1000410004031'),
(194, 404, '1000410004048'),
(195, 405, '1000410004055'),
(196, 406, '1000420004069'),
(197, 407, '1000420004076'),
(198, 408, '1000420004083'),
(199, 409, '1000420004090'),
(200, 410, '1000420004106'),
(201, 411, '1000420004113'),
(202, 412, '1000420004120'),
(203, 413, '1000420004137'),
(204, 414, '1000420004144'),
(205, 415, '1000420004151'),
(206, 416, '1000420004168'),
(207, 417, '1000420004175'),
(208, 418, '1000420004182'),
(209, 419, '1000420004199'),
(210, 420, '1000420004205'),
(211, 421, '1000330004210'),
(212, 422, '1000300004226'),
(213, 423, '1000290004237'),
(214, 424, '1000360004242'),
(215, 425, '1000310004254'),
(216, 426, '1000320004268'),
(217, 427, '1000320004275'),
(218, 428, '1000330004289'),
(219, 429, '1000320004299'),
(220, 430, '1000310004308'),
(221, 431, '1000340004316'),
(222, 432, '1000300004325'),
(223, 433, '1000330004333'),
(224, 434, '1000330004340'),
(225, 435, '1000330004357'),
(226, 436, '1000330004364'),
(227, 437, '1000330004371'),
(228, 438, '1000330004388'),
(229, 439, '1000330004395'),
(230, 440, '1000300004400'),
(231, 441, '1000300004417'),
(232, 442, '1000300004424'),
(233, 443, '1000300004431'),
(234, 444, '1000320004442'),
(235, 445, '1000340004453'),
(236, 446, '1000350004467'),
(237, 447, '1000340004477'),
(238, 448, '1000330004487');

-- --------------------------------------------------------

--
-- Table structure for table `vl_evidencija`
--

CREATE TABLE `vl_evidencija` (
  `id` int(11) NOT NULL,
  `proizvod_id` int(11) DEFAULT NULL,
  `ucionica_id` int(11) DEFAULT NULL,
  `datum` date NOT NULL DEFAULT current_timestamp(),
  `vrijeme` time NOT NULL DEFAULT current_timestamp(),
  `user_id` int(11) NOT NULL,
  `inventura_id` int(11) NOT NULL,
  `prihvaceno` bit(1) NOT NULL DEFAULT b'0',
  `aktivno` bit(1) NOT NULL DEFAULT b'1'
) ENGINE=InnoDB DEFAULT CHARSET=utf8mb4 COLLATE=utf8mb4_general_ci;

--
-- Dumping data for table `vl_evidencija`
--

INSERT INTO `vl_evidencija` (`id`, `proizvod_id`, `ucionica_id`, `datum`, `vrijeme`, `user_id`, `inventura_id`, `prihvaceno`, `aktivno`) VALUES
(1349, 254, 8, '2024-01-13', '14:30:04', 26, 32, b'0', b'0'),
(1350, 419, 3, '2024-01-13', '15:47:30', 24, 32, b'0', b'0'),
(1351, 225, 4, '2024-01-13', '14:29:10', 26, 32, b'0', b'0'),
(1352, 302, 1, '2024-01-13', '13:58:31', 2, 32, b'0', b'0'),
(1353, 317, 3, '2024-01-13', '15:24:55', 26, 32, b'0', b'1'),
(1354, 345, 1, '2024-01-13', '15:32:08', 24, 32, b'0', b'0'),
(1355, 384, 1, '2024-01-13', '14:14:12', 3, 32, b'0', b'0'),
(1356, 382, 8, '2024-01-13', '14:08:40', 6, 32, b'0', b'0'),
(1357, 288, 8, '2024-01-13', '15:07:28', 24, 32, b'0', b'1'),
(1358, 290, 2, '2024-01-13', '15:18:21', 3, 32, b'0', b'1'),
(1359, 246, 2, '2024-01-13', '14:38:54', 6, 32, b'0', b'1'),
(1360, 276, 2, '2024-01-13', '15:13:26', 3, 32, b'0', b'1'),
(1361, 321, 10, '2024-01-13', '15:26:51', 24, 32, b'0', b'1'),
(1362, 303, 6, '2024-01-13', '14:15:41', 26, 32, b'0', b'1'),
(1363, 415, 1, '2024-01-13', '14:25:30', 2, 32, b'0', b'1'),
(1364, 360, 5, '2024-01-13', '14:42:41', 2, 32, b'0', b'1'),
(1365, 372, 5, '2024-01-13', '14:59:53', 24, 32, b'0', b'1'),
(1366, 337, 7, '2024-01-13', '14:47:29', 24, 32, b'0', b'1'),
(1367, 334, 4, '2024-01-13', '14:11:57', 24, 32, b'0', b'1'),
(1368, 235, 5, '2024-01-13', '14:19:06', 26, 32, b'0', b'1'),
(1369, 308, 8, '2024-01-13', '15:32:53', 6, 32, b'0', b'1'),
(1370, 286, 2, '2024-01-13', '15:31:26', 24, 32, b'0', b'1'),
(1371, 358, 1, '2024-01-13', '15:44:39', 3, 32, b'0', b'1'),
(1372, 398, 9, '2024-01-13', '15:12:08', 2, 32, b'0', b'1'),
(1373, 244, 4, '2024-01-13', '14:10:38', 6, 32, b'0', b'1'),
(1374, 356, 2, '2024-01-13', '14:39:15', 3, 32, b'0', b'1'),
(1375, 356, 4, '2024-01-13', '15:33:39', 3, 32, b'0', b'1'),
(1376, 223, 7, '2024-01-13', '15:10:06', 24, 32, b'0', b'0'),
(1377, 256, 4, '2024-01-13', '14:17:56', 2, 32, b'0', b'1'),
(1378, 372, 7, '2024-01-13', '15:32:30', 6, 32, b'0', b'1'),
(1379, 356, 5, '2024-01-13', '15:13:56', 2, 32, b'0', b'1'),
(1380, 396, 8, '2024-01-13', '13:54:10', 26, 32, b'0', b'1'),
(1381, 270, 3, '2024-01-13', '15:21:27', 3, 32, b'0', b'1'),
(1382, 376, 5, '2024-01-13', '15:03:05', 6, 32, b'0', b'1'),
(1383, 319, 10, '2024-01-13', '15:22:07', 2, 32, b'0', b'1'),
(1384, 259, 9, '2024-01-13', '15:05:16', 26, 32, b'0', b'1'),
(1385, 285, 10, '2024-01-13', '14:16:28', 24, 32, b'0', b'1'),
(1386, 302, 3, '2024-01-13', '14:27:34', 2, 32, b'0', b'1'),
(1387, 303, 1, '2024-01-13', '15:01:30', 6, 32, b'0', b'1'),
(1388, 242, 8, '2024-01-13', '14:34:33', 6, 32, b'0', b'1'),
(1389, 387, 5, '2024-01-13', '14:41:21', 6, 32, b'0', b'1'),
(1390, 246, 8, '2024-01-13', '14:08:49', 26, 32, b'0', b'1'),
(1391, 405, 2, '2024-01-13', '14:57:25', 2, 32, b'0', b'1'),
(1392, 243, 7, '2024-01-13', '15:36:26', 24, 32, b'0', b'1'),
(1393, 256, 9, '2024-01-13', '13:58:39', 3, 32, b'0', b'1'),
(1394, 251, 3, '2024-01-13', '15:11:37', 6, 32, b'0', b'1'),
(1395, 408, 2, '2024-01-13', '13:48:57', 2, 32, b'0', b'1'),
(1396, 215, 4, '2024-01-13', '13:48:19', 26, 32, b'0', b'1'),
(1397, 313, 2, '2024-01-13', '15:06:57', 2, 32, b'0', b'1'),
(1398, 386, 9, '2024-01-13', '14:54:59', 24, 32, b'0', b'1'),
(1399, 413, 10, '2024-01-13', '15:19:45', 3, 32, b'0', b'1'),
(1400, 411, 8, '2024-01-13', '15:12:31', 26, 32, b'0', b'1'),
(1401, 410, 3, '2024-01-13', '15:01:49', 3, 32, b'0', b'1'),
(1402, 321, 6, '2024-01-13', '15:33:23', 6, 32, b'0', b'1'),
(1403, 262, 1, '2024-01-13', '14:03:02', 3, 32, b'0', b'1'),
(1404, 350, 5, '2024-01-13', '15:40:44', 24, 32, b'0', b'1'),
(1405, 240, 4, '2024-01-13', '13:55:52', 26, 32, b'0', b'1'),
(1406, 389, 2, '2024-01-13', '14:09:39', 26, 32, b'0', b'1'),
(1407, 272, 7, '2024-01-13', '15:16:40', 2, 32, b'0', b'1'),
(1409, 276, 9, '2024-01-13', '14:33:47', 26, 32, b'0', b'1'),
(1410, 274, 5, '2024-01-13', '15:36:25', 3, 32, b'0', b'1'),
(1411, 362, 3, '2024-01-13', '15:15:48', 24, 32, b'0', b'1'),
(1412, 387, 2, '2024-01-13', '14:33:37', 24, 32, b'0', b'1'),
(1413, 312, 5, '2024-01-13', '13:53:34', 24, 32, b'0', b'1'),
(1414, 259, 1, '2024-01-13', '15:00:40', 6, 32, b'0', b'1'),
(1415, 253, 2, '2024-01-13', '14:54:46', 26, 32, b'0', b'1'),
(1417, 240, 7, '2024-01-13', '15:04:27', 6, 32, b'0', b'1'),
(1418, 227, 4, '2024-01-13', '14:20:27', 24, 32, b'0', b'1'),
(1419, 360, 1, '2024-01-13', '15:07:25', 6, 32, b'0', b'1'),
(1420, 389, 6, '2024-01-13', '14:57:50', 3, 32, b'0', b'1'),
(1421, 307, 5, '2024-01-13', '14:42:10', 26, 32, b'0', b'1'),
(1422, 311, 4, '2024-01-13', '14:15:41', 6, 32, b'0', b'1'),
(1423, 325, 3, '2024-01-13', '14:16:34', 3, 32, b'0', b'1'),
(1424, 389, 9, '2024-01-13', '14:34:38', 24, 32, b'0', b'1'),
(1425, 336, 7, '2024-01-13', '13:52:20', 24, 32, b'0', b'1'),
(1426, 248, 10, '2024-01-13', '13:52:02', 3, 32, b'0', b'1'),
(1427, 213, 4, '2024-01-13', '15:06:01', 2, 32, b'0', b'1'),
(1428, 293, 4, '2024-01-13', '15:39:00', 26, 32, b'0', b'1'),
(1429, 214, 8, '2024-01-13', '15:22:41', 26, 32, b'0', b'1'),
(1430, 383, 6, '2024-01-13', '15:46:46', 6, 32, b'0', b'1'),
(1431, 358, 7, '2024-01-13', '14:32:13', 3, 32, b'0', b'1'),
(1432, 310, 1, '2024-01-13', '15:27:37', 3, 32, b'0', b'1'),
(1433, 287, 10, '2024-01-13', '13:53:19', 2, 32, b'0', b'1'),
(1434, 266, 1, '2024-01-13', '15:26:36', 2, 32, b'0', b'1'),
(1435, 242, 5, '2024-01-13', '14:53:09', 26, 32, b'0', b'1'),
(1436, 383, 9, '2024-01-13', '14:55:58', 3, 32, b'0', b'1'),
(1437, 404, 3, '2024-01-13', '14:46:27', 26, 32, b'0', b'1'),
(1438, 292, 5, '2024-01-13', '14:15:17', 24, 32, b'0', b'1'),
(1439, 363, 3, '2024-01-13', '14:06:15', 24, 32, b'0', b'1'),
(1440, 224, 5, '2024-01-13', '14:38:13', 3, 32, b'0', b'1'),
(1441, 419, 7, '2024-01-13', '14:03:49', 3, 32, b'0', b'1'),
(1442, 412, 9, '2024-01-13', '14:31:02', 6, 32, b'0', b'1'),
(1443, 353, 8, '2024-01-13', '15:00:06', 6, 32, b'0', b'1'),
(1444, 318, 7, '2024-01-13', '14:41:03', 24, 32, b'0', b'1'),
(1445, 367, 6, '2024-01-13', '14:02:17', 2, 32, b'0', b'1'),
(1446, 307, 3, '2024-01-13', '14:41:58', 24, 32, b'0', b'1'),
(1447, 358, 10, '2024-01-13', '15:39:08', 6, 32, b'0', b'1'),
(1448, 337, 3, '2024-01-13', '14:37:19', 3, 32, b'0', b'1'),
(1449, 211, 10, '2024-01-13', '14:00:06', 2, 32, b'0', b'0'),
(1450, 393, 5, '2024-01-13', '14:14:28', 2, 32, b'0', b'1'),
(1451, 242, 7, '2024-01-13', '14:54:53', 26, 32, b'0', b'1'),
(1452, 391, 5, '2024-01-13', '13:58:20', 24, 32, b'0', b'1'),
(1453, 234, 2, '2024-01-13', '15:34:28', 3, 32, b'0', b'1'),
(1454, 378, 3, '2024-01-13', '14:04:29', 2, 32, b'0', b'1'),
(1455, 401, 10, '2024-01-13', '15:03:25', 6, 32, b'0', b'1'),
(1456, 335, 5, '2024-01-13', '15:34:35', 3, 32, b'0', b'1'),
(1457, 280, 3, '2024-01-13', '15:34:01', 26, 32, b'0', b'1'),
(1458, 338, 3, '2024-01-13', '14:55:17', 26, 32, b'0', b'1'),
(1459, 269, 2, '2024-01-13', '14:03:18', 2, 32, b'0', b'1'),
(1460, 261, 2, '2024-01-13', '14:42:50', 24, 32, b'0', b'1'),
(1461, 321, 8, '2024-01-13', '14:19:06', 2, 32, b'0', b'1'),
(1462, 343, 6, '2024-01-13', '15:12:16', 2, 32, b'0', b'1'),
(1463, 341, 8, '2024-01-13', '14:34:27', 26, 32, b'0', b'1'),
(1464, 300, 3, '2024-01-13', '15:27:40', 2, 32, b'0', b'1'),
(1465, 368, 6, '2024-01-13', '14:16:51', 24, 32, b'0', b'1'),
(1466, 341, 1, '2024-01-13', '14:33:02', 24, 32, b'0', b'1'),
(1467, 338, 1, '2024-01-13', '15:14:35', 3, 32, b'0', b'1'),
(1468, 269, 8, '2024-01-13', '14:44:32', 2, 32, b'0', b'1'),
(1469, 266, 2, '2024-01-13', '14:17:20', 3, 32, b'0', b'1'),
(1470, 381, 8, '2024-01-13', '14:13:29', 6, 32, b'0', b'1'),
(1471, 323, 4, '2024-01-13', '14:40:24', 24, 32, b'0', b'1'),
(1472, 307, 1, '2024-01-13', '15:00:07', 26, 32, b'0', b'1'),
(1473, 313, 3, '2024-01-13', '14:24:58', 24, 32, b'0', b'1'),
(1474, 416, 8, '2024-01-13', '15:33:53', 26, 32, b'0', b'1'),
(1475, 352, 10, '2024-01-13', '15:13:01', 24, 32, b'0', b'1'),
(1476, 398, 3, '2024-01-13', '13:57:28', 3, 32, b'0', b'1'),
(1478, 332, 4, '2024-01-13', '14:37:30', 26, 32, b'0', b'1'),
(1479, 255, 6, '2024-01-13', '14:47:40', 2, 32, b'0', b'1'),
(1480, 404, 1, '2024-01-13', '14:36:19', 2, 32, b'0', b'1'),
(1481, 308, 10, '2024-01-13', '14:01:39', 26, 32, b'0', b'1'),
(1482, 211, 8, '2024-01-13', '14:01:56', 24, 32, b'0', b'1'),
(1483, 388, 4, '2024-01-13', '14:26:04', 2, 32, b'0', b'1'),
(1484, 311, 2, '2024-01-13', '14:33:34', 6, 32, b'0', b'1'),
(1485, 297, 1, '2024-01-13', '15:26:56', 6, 32, b'0', b'1'),
(1486, 287, 3, '2024-01-13', '14:56:14', 2, 32, b'0', b'1'),
(1487, 233, 1, '2024-01-13', '14:09:14', 2, 32, b'0', b'1'),
(1488, 363, 5, '2024-01-13', '15:23:38', 6, 32, b'0', b'1'),
(1489, 214, 3, '2024-01-13', '15:39:38', 24, 32, b'0', b'1'),
(1490, 416, 7, '2024-01-13', '15:21:15', 2, 32, b'0', b'1'),
(1491, 379, 4, '2024-01-13', '15:38:23', 3, 32, b'0', b'1'),
(1492, 257, 3, '2024-01-13', '14:09:40', 24, 32, b'0', b'1'),
(1493, 368, 4, '2024-01-13', '15:36:43', 26, 32, b'0', b'1'),
(1494, 388, 3, '2024-01-13', '14:55:49', 24, 32, b'0', b'1'),
(1495, 398, 4, '2024-01-13', '15:46:33', 6, 32, b'0', b'1'),
(1496, 328, 4, '2024-01-13', '15:38:43', 24, 32, b'0', b'1'),
(1497, 326, 3, '2024-01-13', '14:36:08', 24, 32, b'0', b'1'),
(1498, 322, 7, '2024-01-13', '14:46:14', 6, 32, b'0', b'1'),
(1499, 279, 5, '2024-01-13', '15:29:42', 3, 31, b'0', b'1'),
(1500, 309, 6, '2024-01-13', '14:28:16', 24, 31, b'0', b'1'),
(1501, 307, 7, '2024-01-13', '14:00:25', 2, 31, b'0', b'1'),
(1502, 253, 8, '2024-01-13', '15:29:34', 2, 31, b'0', b'1'),
(1503, 253, 6, '2024-01-13', '14:52:42', 2, 31, b'0', b'1'),
(1504, 254, 8, '2024-01-13', '15:34:12', 2, 31, b'0', b'1'),
(1505, 411, 7, '2024-01-13', '14:08:00', 26, 31, b'0', b'1'),
(1506, 291, 8, '2024-01-13', '15:14:48', 26, 31, b'0', b'1'),
(1507, 388, 3, '2024-01-13', '14:01:14', 3, 31, b'0', b'1'),
(1508, 230, 4, '2024-01-13', '15:04:43', 24, 31, b'0', b'1'),
(1509, 350, 1, '2024-01-13', '15:12:38', 6, 31, b'0', b'1'),
(1510, 331, 10, '2024-01-13', '15:43:31', 2, 31, b'0', b'1'),
(1511, 354, 6, '2024-01-13', '14:59:46', 3, 31, b'0', b'1'),
(1512, 303, 5, '2024-01-13', '15:24:10', 24, 31, b'0', b'1'),
(1513, 404, 6, '2024-01-13', '14:26:37', 26, 31, b'0', b'1'),
(1514, 383, 5, '2024-01-13', '14:16:50', 24, 31, b'0', b'1'),
(1515, 369, 7, '2024-01-13', '14:35:06', 24, 31, b'0', b'1'),
(1516, 246, 2, '2024-01-13', '14:15:15', 6, 31, b'0', b'1'),
(1517, 323, 8, '2024-01-13', '14:58:59', 24, 31, b'0', b'1'),
(1518, 252, 1, '2024-01-13', '14:12:05', 24, 31, b'0', b'1'),
(1519, 219, 3, '2024-01-13', '14:27:53', 26, 31, b'0', b'1'),
(1520, 228, 1, '2024-01-13', '15:31:41', 6, 31, b'0', b'1'),
(1521, 242, 4, '2024-01-13', '14:50:44', 6, 31, b'0', b'1'),
(1522, 288, 3, '2024-01-13', '14:02:36', 3, 31, b'0', b'1'),
(1523, 322, 10, '2024-01-13', '14:10:54', 24, 31, b'0', b'1'),
(1524, 316, 4, '2024-01-13', '14:57:52', 24, 31, b'0', b'1'),
(1525, 320, 10, '2024-01-13', '13:57:14', 6, 31, b'0', b'1'),
(1526, 262, 5, '2024-01-13', '15:42:15', 26, 31, b'0', b'1'),
(1527, 322, 9, '2024-01-13', '14:06:43', 3, 31, b'0', b'1'),
(1528, 330, 4, '2024-01-13', '14:52:24', 24, 31, b'0', b'1'),
(1529, 318, 8, '2024-01-13', '14:54:41', 6, 31, b'0', b'1'),
(1530, 338, 9, '2024-01-13', '15:37:13', 3, 31, b'0', b'1'),
(1531, 265, 9, '2024-01-13', '15:30:59', 2, 31, b'0', b'1'),
(1532, 310, 1, '2024-01-13', '14:46:23', 3, 31, b'0', b'1'),
(1533, 326, 2, '2024-01-13', '14:46:11', 3, 31, b'0', b'1'),
(1534, 339, 8, '2024-01-13', '15:39:26', 24, 31, b'0', b'1'),
(1535, 356, 3, '2024-01-13', '15:45:53', 24, 31, b'0', b'1'),
(1536, 395, 9, '2024-01-13', '15:14:36', 3, 31, b'0', b'1'),
(1537, 400, 4, '2024-01-13', '14:05:15', 24, 31, b'0', b'1'),
(1538, 406, 6, '2024-01-13', '14:31:30', 6, 31, b'0', b'1'),
(1539, 344, 5, '2024-01-13', '14:52:27', 6, 31, b'0', b'1'),
(1540, 251, 9, '2024-01-13', '15:09:35', 3, 31, b'0', b'1'),
(1541, 239, 5, '2024-01-13', '14:57:27', 6, 31, b'0', b'1'),
(1542, 401, 7, '2024-01-13', '14:31:37', 6, 31, b'0', b'1'),
(1543, 299, 5, '2024-01-13', '14:15:43', 3, 31, b'0', b'1'),
(1544, 235, 9, '2024-01-13', '13:48:38', 26, 31, b'0', b'1'),
(1545, 255, 8, '2024-01-13', '13:50:35', 6, 31, b'0', b'1'),
(1546, 267, 9, '2024-01-13', '15:41:33', 2, 31, b'0', b'1'),
(1547, 404, 4, '2024-01-13', '15:05:40', 3, 31, b'0', b'1'),
(1548, 341, 7, '2024-01-13', '13:52:44', 6, 31, b'0', b'1'),
(1549, 345, 10, '2024-01-13', '15:14:00', 3, 31, b'0', b'1'),
(1550, 236, 4, '2024-01-13', '14:14:09', 24, 31, b'0', b'1'),
(1551, 250, 2, '2024-01-13', '15:23:13', 24, 31, b'0', b'1'),
(1552, 284, 8, '2024-01-13', '14:09:49', 2, 31, b'0', b'1'),
(1553, 351, 5, '2024-01-13', '15:42:54', 2, 31, b'0', b'1'),
(1554, 414, 10, '2024-01-13', '14:40:00', 6, 31, b'0', b'1'),
(1555, 342, 1, '2024-01-13', '15:40:43', 24, 31, b'0', b'1'),
(1556, 337, 8, '2024-01-13', '15:14:01', 26, 31, b'0', b'1'),
(1558, 385, 1, '2024-01-13', '14:11:03', 2, 31, b'0', b'1'),
(1559, 255, 6, '2024-01-13', '15:30:29', 24, 31, b'0', b'1'),
(1560, 296, 8, '2024-01-13', '14:57:34', 2, 31, b'0', b'1'),
(1561, 277, 9, '2024-01-13', '14:46:17', 2, 31, b'0', b'1'),
(1562, 394, 4, '2024-01-13', '15:38:46', 6, 31, b'0', b'1'),
(1563, 353, 6, '2024-01-13', '14:07:21', 2, 31, b'0', b'1'),
(1565, 333, 1, '2024-01-13', '15:43:07', 3, 31, b'0', b'1'),
(1567, 323, 1, '2024-01-13', '13:57:19', 2, 31, b'0', b'1'),
(1568, 212, 6, '2024-01-13', '14:26:39', 6, 31, b'0', b'1'),
(1569, 324, 9, '2024-01-13', '15:32:00', 26, 31, b'0', b'1'),
(1570, 262, 10, '2024-01-13', '14:55:35', 24, 31, b'0', b'1'),
(1571, 286, 7, '2024-01-13', '14:19:56', 6, 31, b'0', b'1'),
(1572, 402, 5, '2024-01-13', '14:59:44', 24, 31, b'0', b'1'),
(1573, 248, 9, '2024-01-13', '14:28:37', 6, 31, b'0', b'1'),
(1574, 295, 10, '2024-01-13', '14:10:20', 3, 31, b'0', b'1'),
(1575, 285, 10, '2024-01-13', '15:28:29', 26, 31, b'0', b'1'),
(1576, 337, 10, '2024-01-13', '15:41:24', 24, 31, b'0', b'1'),
(1577, 396, 3, '2024-01-13', '15:40:01', 3, 31, b'0', b'1'),
(1578, 216, 10, '2024-01-13', '14:50:01', 2, 31, b'0', b'1'),
(1579, 388, 4, '2024-01-13', '14:16:40', 26, 31, b'0', b'1'),
(1580, 346, 5, '2024-01-13', '13:50:04', 2, 31, b'0', b'1'),
(1581, 405, 5, '2024-01-13', '15:14:05', 3, 31, b'0', b'1'),
(1582, 220, 7, '2024-01-13', '13:50:22', 2, 31, b'0', b'1'),
(1583, 287, 1, '2024-01-13', '15:30:20', 2, 31, b'0', b'1'),
(1584, 214, 10, '2024-01-13', '15:32:23', 2, 31, b'0', b'1'),
(1585, 399, 3, '2024-01-13', '14:43:45', 26, 31, b'0', b'1'),
(1586, 358, 5, '2024-01-13', '13:52:39', 26, 31, b'0', b'1'),
(1587, 361, 3, '2024-01-13', '14:46:39', 24, 31, b'0', b'1'),
(1588, 217, 5, '2024-01-13', '14:48:59', 26, 31, b'0', b'1'),
(1589, 275, 10, '2024-01-13', '15:26:30', 2, 31, b'0', b'1'),
(1590, 420, 5, '2024-01-13', '14:15:43', 26, 31, b'0', b'1'),
(1591, 376, 10, '2024-01-13', '14:17:31', 6, 31, b'0', b'1'),
(1592, 318, 2, '2024-01-13', '14:44:38', 6, 31, b'0', b'1'),
(1593, 413, 5, '2024-01-13', '15:08:46', 2, 31, b'0', b'1'),
(1594, 215, 1, '2024-01-13', '14:35:51', 6, 31, b'0', b'1'),
(1595, 396, 4, '2024-01-13', '14:14:23', 6, 31, b'0', b'1'),
(1596, 378, 3, '2024-01-13', '15:12:22', 2, 31, b'0', b'1'),
(1597, 276, 9, '2024-01-13', '14:58:42', 6, 31, b'0', b'1'),
(1598, 341, 10, '2024-01-13', '14:40:52', 24, 31, b'0', b'1'),
(1599, 342, 6, '2024-01-13', '15:02:48', 6, 31, b'0', b'1'),
(1600, 415, 6, '2024-01-13', '15:16:51', 26, 31, b'0', b'1'),
(1602, 213, 9, '2024-01-13', '15:26:25', 3, 31, b'0', b'1'),
(1603, 219, 2, '2024-01-13', '14:45:33', 2, 31, b'0', b'1'),
(1604, 213, 7, '2024-01-13', '14:48:23', 2, 31, b'0', b'1'),
(1605, 370, 6, '2024-01-13', '14:44:39', 6, 31, b'0', b'1'),
(1606, 295, 4, '2024-01-13', '15:08:59', 26, 31, b'0', b'1'),
(1607, 314, 2, '2024-01-13', '14:30:08', 6, 31, b'0', b'1'),
(1608, 293, 8, '2024-01-13', '13:55:55', 3, 31, b'0', b'1'),
(1609, 367, 10, '2024-01-13', '15:14:11', 3, 31, b'0', b'1'),
(1610, 211, 4, '2024-01-13', '14:51:03', 24, 31, b'0', b'1'),
(1611, 265, 8, '2024-01-13', '14:44:11', 2, 31, b'0', b'1'),
(1612, 328, 4, '2024-01-13', '14:06:13', 2, 31, b'0', b'1'),
(1613, 227, 5, '2024-01-13', '14:12:00', 3, 31, b'0', b'1'),
(1614, 276, 6, '2024-01-13', '15:02:05', 6, 31, b'0', b'1'),
(1615, 287, 10, '2024-01-13', '14:09:56', 3, 31, b'0', b'1'),
(1616, 412, 3, '2024-01-13', '14:46:35', 24, 31, b'0', b'1'),
(1618, 308, 10, '2024-01-13', '15:40:34', 2, 31, b'0', b'1'),
(1619, 316, 6, '2024-01-13', '15:33:15', 24, 31, b'0', b'1'),
(1620, 340, 3, '2024-01-13', '14:27:48', 24, 31, b'0', b'1'),
(1621, 232, 4, '2024-01-13', '15:25:49', 26, 31, b'0', b'1'),
(1622, 409, 5, '2024-01-13', '14:35:58', 2, 31, b'0', b'1'),
(1623, 415, 8, '2024-01-13', '15:15:14', 24, 31, b'0', b'1'),
(1624, 411, 8, '2024-01-13', '15:31:20', 6, 31, b'0', b'1'),
(1626, 380, 10, '2024-01-13', '13:51:55', 3, 31, b'0', b'1'),
(1627, 256, 7, '2024-01-13', '15:41:21', 3, 31, b'0', b'1'),
(1628, 369, 9, '2024-01-13', '15:35:21', 6, 31, b'0', b'1'),
(1629, 373, 2, '2024-01-13', '14:22:33', 6, 31, b'0', b'1'),
(1630, 312, 1, '2024-01-13', '14:23:59', 26, 31, b'0', b'1'),
(1631, 351, 4, '2024-01-13', '14:41:50', 3, 31, b'0', b'1'),
(1632, 221, 3, '2024-01-13', '14:29:48', 6, 31, b'0', b'1'),
(1633, 223, 1, '2024-01-13', '14:08:34', 2, 31, b'0', b'1'),
(1634, 238, 6, '2024-01-13', '15:39:49', 26, 31, b'0', b'1'),
(1635, 232, 1, '2024-01-13', '13:52:56', 3, 31, b'0', b'1'),
(1636, 293, 2, '2024-01-13', '15:41:31', 3, 31, b'0', b'1'),
(1637, 401, 4, '2024-01-13', '13:51:20', 6, 31, b'0', b'1'),
(1638, 346, 10, '2024-01-13', '15:21:38', 3, 31, b'0', b'1'),
(1639, 301, 3, '2024-01-13', '15:31:02', 26, 31, b'0', b'1'),
(1640, 406, 10, '2024-01-13', '14:43:47', 3, 31, b'0', b'1'),
(1641, 385, 10, '2024-01-13', '14:19:15', 24, 31, b'0', b'1'),
(1642, 305, 10, '2024-01-13', '15:11:03', 6, 31, b'0', b'1'),
(1643, 345, 1, '2024-01-13', '15:06:30', 6, 31, b'0', b'1'),
(1644, 351, 8, '2024-01-13', '14:07:51', 3, 31, b'0', b'1'),
(1645, 290, 3, '2024-01-13', '15:37:19', 26, 31, b'0', b'1'),
(1646, 346, 4, '2024-01-13', '15:26:52', 6, 31, b'0', b'1'),
(1647, 398, 3, '2024-01-13', '13:55:33', 26, 31, b'0', b'1'),
(1648, 299, 1, '2024-01-13', '15:03:43', 3, 31, b'0', b'1'),
(1677, 407, 26, '2024-01-14', '15:14:54', 6, 32, b'0', b'1'),
(1684, 267, 5, '2024-01-14', '15:33:40', 6, 32, b'0', b'1'),
(1685, 270, 5, '2024-01-14', '15:33:42', 6, 32, b'0', b'1'),
(1686, 265, 5, '2024-01-14', '15:34:27', 6, 32, b'0', b'1'),
(1687, 433, 2, '2024-01-18', '20:39:40', 26, 32, b'0', b'1'),
(1688, 432, 10, '2024-01-18', '21:51:28', 26, 32, b'0', b'1'),
(1689, 212, 7, '2024-01-28', '11:12:38', 6, 32, b'0', b'1'),
(1690, 218, 26, '2024-01-28', '11:17:26', 6, 32, b'0', b'1'),
(1694, 302, 1, '2024-01-28', '22:16:06', 6, 32, b'0', b'1'),
(1695, 299, 1, '2024-01-28', '22:16:06', 6, 32, b'0', b'1'),
(1696, 302, 1, '2024-01-28', '22:16:07', 6, 32, b'0', b'1'),
(1697, 298, 1, '2024-01-28', '22:16:10', 6, 32, b'0', b'1'),
(1698, 301, 1, '2024-01-28', '22:16:11', 6, 32, b'0', b'1'),
(1699, 299, 1, '2024-01-28', '22:16:13', 6, 32, b'0', b'1'),
(1700, 302, 1, '2024-01-28', '22:16:13', 6, 32, b'0', b'1'),
(1701, 317, 5, '2024-02-22', '14:34:06', 6, 32, b'0', b'0'),
(1702, 356, 28, '2024-02-22', '14:35:12', 6, 32, b'0', b'0'),
(1703, 211, 5, '2024-02-22', '18:23:18', 6, 32, b'0', b'1'),
(1704, 211, 6, '2024-02-22', '18:23:20', 6, 32, b'0', b'1'),
(1705, 211, 2, '2024-02-22', '18:23:21', 6, 32, b'0', b'1'),
(1706, 211, 10, '2024-02-22', '18:23:22', 6, 32, b'0', b'1'),
(1707, 211, 7, '2024-02-22', '18:23:23', 6, 32, b'0', b'1'),
(1708, 211, 7, '2024-02-22', '18:23:24', 6, 32, b'0', b'1'),
(1709, 211, 7, '2024-02-22', '18:23:24', 6, 32, b'0', b'1'),
(1710, 211, 7, '2024-02-22', '18:23:24', 6, 32, b'0', b'1'),
(1711, 211, 7, '2024-02-22', '18:23:24', 6, 32, b'0', b'1'),
(1712, 211, 7, '2024-02-22', '18:23:25', 6, 32, b'0', b'1'),
(1713, 211, 7, '2024-02-22', '18:23:25', 6, 32, b'0', b'1'),
(1714, 211, 7, '2024-02-22', '18:23:25', 6, 32, b'0', b'1'),
(1715, 245, 8, '2024-02-22', '20:52:52', 6, 32, b'0', b'1'),
(1716, 241, 1, '2024-02-23', '10:08:06', 6, 32, b'0', b'1'),
(1717, 241, 1, '2024-02-23', '10:08:07', 6, 32, b'0', b'1'),
(1718, 241, 1, '2024-02-23', '10:08:27', 6, 32, b'0', b'1'),
(1719, 211, 8, '2024-02-23', '15:32:23', 6, 32, b'0', b'1'),
(1720, 211, 8, '2024-02-23', '15:32:23', 6, 32, b'0', b'1'),
(1721, 211, 8, '2024-02-23', '15:32:24', 6, 32, b'0', b'1'),
(1722, 211, 8, '2024-02-23', '15:32:29', 6, 32, b'0', b'1'),
(1723, 211, 8, '2024-02-23', '15:32:30', 6, 32, b'0', b'1'),
(1724, 211, 8, '2024-02-23', '15:32:30', 6, 32, b'0', b'1'),
(1725, 211, 8, '2024-02-23', '15:32:30', 6, 32, b'0', b'1'),
(1726, 211, 8, '2024-02-23', '15:32:30', 6, 32, b'0', b'1'),
(1727, 211, 8, '2024-02-23', '15:32:30', 6, 32, b'0', b'1'),
(1728, 211, 8, '2024-02-23', '15:32:36', 6, 32, b'0', b'1'),
(1729, 211, 8, '2024-02-23', '15:32:36', 6, 32, b'0', b'1'),
(1730, 211, 8, '2024-02-23', '15:32:37', 6, 32, b'0', b'1'),
(1731, 211, 8, '2024-02-23', '15:32:37', 6, 32, b'0', b'1'),
(1732, 211, 8, '2024-02-23', '15:32:41', 6, 32, b'0', b'1'),
(1733, 211, 8, '2024-02-23', '15:32:44', 6, 32, b'0', b'1'),
(1734, 212, 7, '2024-02-23', '15:37:33', 6, 32, b'0', b'1'),
(1735, 212, 7, '2024-02-23', '15:37:34', 6, 32, b'0', b'1'),
(1736, 212, 7, '2024-02-23', '15:37:34', 6, 32, b'0', b'1'),
(1737, 212, 7, '2024-02-23', '15:37:34', 6, 32, b'0', b'1'),
(1738, 212, 7, '2024-02-23', '15:37:37', 6, 32, b'0', b'1'),
(1739, 212, 7, '2024-02-23', '15:37:40', 6, 32, b'0', b'1');

-- --------------------------------------------------------

--
-- Table structure for table `vl_inventura`
--

CREATE TABLE `vl_inventura` (
  `id` int(11) NOT NULL,
  `pocetak` datetime DEFAULT NULL,
  `kraj` datetime DEFAULT NULL,
  `aktivno` bit(1) NOT NULL DEFAULT b'1'
) ENGINE=InnoDB DEFAULT CHARSET=utf8mb4 COLLATE=utf8mb4_general_ci;

--
-- Dumping data for table `vl_inventura`
--

INSERT INTO `vl_inventura` (`id`, `pocetak`, `kraj`, `aktivno`) VALUES
(25, '2024-01-01 18:10:11', '2024-01-01 18:10:12', b'0'),
(26, '2024-01-01 18:10:13', '2024-01-01 18:10:13', b'0'),
(27, '2024-01-01 18:10:17', '2024-01-01 18:10:20', b'0'),
(28, '2024-01-02 13:21:21', '2024-01-02 13:21:21', b'0'),
(29, '2024-01-02 13:21:22', '2024-01-04 12:19:44', b'0'),
(30, '2024-01-04 12:25:55', '2024-01-04 12:26:00', b'0'),
(31, '2024-01-04 12:54:04', '2024-01-04 12:54:51', b'0'),
(32, '2024-01-04 12:54:51', NULL, b'1');

-- --------------------------------------------------------

--
-- Table structure for table `vl_invite_codes`
--

CREATE TABLE `vl_invite_codes` (
  `id` int(11) NOT NULL,
  `kod` varchar(8) DEFAULT NULL,
  `user_id` int(11) DEFAULT NULL
) ENGINE=InnoDB DEFAULT CHARSET=utf8mb4 COLLATE=utf8mb4_general_ci;

--
-- Dumping data for table `vl_invite_codes`
--

INSERT INTO `vl_invite_codes` (`id`, `kod`, `user_id`) VALUES
(2, 'e43bc500', 13),
(6, 'b92160c4', 14),
(8, '', 6),
(9, '', NULL),
(10, '', NULL),
(11, '', 24),
(12, '', 25),
(13, '', 26);

-- --------------------------------------------------------

--
-- Table structure for table `vl_mysql_errors`
--

CREATE TABLE `vl_mysql_errors` (
  `id` int(11) NOT NULL,
  `query` varchar(16) DEFAULT NULL,
  `message` varchar(255) DEFAULT NULL,
  `time` datetime NOT NULL DEFAULT current_timestamp()
) ENGINE=InnoDB DEFAULT CHARSET=utf8mb4 COLLATE=utf8mb4_general_ci;

--
-- Dumping data for table `vl_mysql_errors`
--

INSERT INTO `vl_mysql_errors` (`id`, `query`, `message`, `time`) VALUES
(6272, 'ROUTE', 'admin\\stanje', '2024-02-23 11:41:15'),
(6273, 'ROUTE', 'css\\bootstrap.css.map', '2024-02-23 11:41:16'),
(6274, 'ROUTE', 'admin\\stanje', '2024-02-23 11:44:30'),
(6275, 'ROUTE', 'css\\bootstrap.css.map', '2024-02-23 11:44:30'),
(6276, 'ROUTE', 'admin\\stanje', '2024-02-23 11:45:41'),
(6277, 'ROUTE', 'css\\bootstrap.css.map', '2024-02-23 11:45:41'),
(6278, 'ROUTE', 'admin\\stanje', '2024-02-23 11:45:48'),
(6279, 'ROUTE', 'css\\bootstrap.css.map', '2024-02-23 11:45:48'),
(6280, 'ROUTE', 'admin\\stanje', '2024-02-23 11:46:18'),
(6281, 'ROUTE', 'css\\bootstrap.css.map', '2024-02-23 11:46:18'),
(6282, 'ROUTE', 'admin\\inventura2', '2024-02-23 11:46:19'),
(6283, 'ROUTE', '404\\', '2024-02-23 11:46:19'),
(6284, 'ROUTE', 'admin\\stanje', '2024-02-23 11:46:23'),
(6285, 'ROUTE', 'css\\bootstrap.css.map', '2024-02-23 11:46:23'),
(6286, 'ROUTE', 'admin\\stanje', '2024-02-23 11:46:42'),
(6287, 'ROUTE', 'css\\bootstrap.css.map', '2024-02-23 11:46:42'),
(6288, 'ROUTE', 'admin\\stanje', '2024-02-23 11:48:07'),
(6289, 'ROUTE', 'css\\bootstrap.css.map', '2024-02-23 11:48:07'),
(6290, 'ROUTE', 'admin\\stanje', '2024-02-23 11:49:11'),
(6291, 'ROUTE', 'css\\bootstrap.css.map', '2024-02-23 11:49:11'),
(6292, 'ROUTE', 'api\\proizvodiBarkodovi', '2024-02-23 11:49:12'),
(6293, 'ROUTE', 'admin\\stanje', '2024-02-23 11:49:44'),
(6294, 'ROUTE', 'css\\bootstrap.css.map', '2024-02-23 11:49:44'),
(6295, 'ROUTE', 'api\\proizvodiBarkodovi', '2024-02-23 11:49:45'),
(6296, 'ROUTE', 'admin\\stanje', '2024-02-23 11:50:06'),
(6297, 'ROUTE', 'css\\bootstrap.css.map', '2024-02-23 11:50:06'),
(6298, 'ROUTE', 'api\\proizvodiBarkodovi', '2024-02-23 11:50:07'),
(6299, 'ROUTE', 'admin\\stanje', '2024-02-23 11:50:53'),
(6300, 'ROUTE', 'css\\bootstrap.css.map', '2024-02-23 11:50:53'),
(6301, 'ROUTE', 'api\\proizvodiBarkodovi', '2024-02-23 11:50:54'),
(6302, 'ROUTE', 'admin\\stanje', '2024-02-23 11:51:24'),
(6303, 'ROUTE', 'css\\bootstrap.css.map', '2024-02-23 11:51:24'),
(6304, 'ROUTE', 'api\\proizvodiBarkodovi', '2024-02-23 11:51:26'),
(6305, 'ROUTE', 'admin\\stanje', '2024-02-23 11:51:50'),
(6306, 'ROUTE', 'css\\bootstrap.css.map', '2024-02-23 11:51:50'),
(6307, 'ROUTE', 'api\\proizvodiBarkodovi', '2024-02-23 11:51:51'),
(6308, 'ROUTE', 'admin\\stanje', '2024-02-23 11:52:16'),
(6309, 'ROUTE', 'css\\bootstrap.css.map', '2024-02-23 11:52:16'),
(6310, 'ROUTE', 'api\\proizvodiBarkodovi', '2024-02-23 11:52:17'),
(6311, 'ROUTE', 'admin\\stanje', '2024-02-23 11:53:04'),
(6312, 'ROUTE', 'css\\bootstrap.css.map', '2024-02-23 11:53:04'),
(6313, 'ROUTE', 'api\\proizvodiBarkodovi', '2024-02-23 11:53:05'),
(6314, 'ROUTE', 'admin\\stanje', '2024-02-23 11:53:29'),
(6315, 'ROUTE', 'css\\bootstrap.css.map', '2024-02-23 11:53:29'),
(6316, 'ROUTE', 'admin\\stanje', '2024-02-23 11:53:31'),
(6317, 'ROUTE', 'css\\bootstrap.css.map', '2024-02-23 11:53:31'),
(6318, 'ROUTE', 'api\\proizvodiBarkodovi', '2024-02-23 11:53:33'),
(6319, 'ROUTE', 'admin\\stanje', '2024-02-23 11:54:26'),
(6320, 'ROUTE', 'css\\bootstrap.css.map', '2024-02-23 11:54:26'),
(6321, 'ROUTE', 'api\\proizvodiBarkodovi', '2024-02-23 11:54:27'),
(6322, 'ROUTE', 'admin\\stanje', '2024-02-23 11:54:59'),
(6323, 'ROUTE', 'css\\bootstrap.css.map', '2024-02-23 11:54:59'),
(6324, 'ROUTE', 'api\\proizvodiBarkodovi', '2024-02-23 11:55:01'),
(6325, 'ROUTE', 'admin\\stanje', '2024-02-23 11:55:10'),
(6326, 'ROUTE', 'css\\bootstrap.css.map', '2024-02-23 11:55:11'),
(6327, 'ROUTE', 'api\\proizvodiBarkodovi', '2024-02-23 11:55:11'),
(6328, 'ROUTE', 'admin\\stanje', '2024-02-23 11:55:38'),
(6329, 'ROUTE', 'css\\bootstrap.css.map', '2024-02-23 11:55:38'),
(6330, 'ROUTE', 'api\\proizvodiBarkodovi', '2024-02-23 11:55:39'),
(6331, 'ROUTE', 'admin\\stanje', '2024-02-23 11:56:55'),
(6332, 'ROUTE', 'css\\bootstrap.css.map', '2024-02-23 11:56:55'),
(6333, 'ROUTE', 'api\\proizvodiBarkodovi', '2024-02-23 11:56:56'),
(6334, 'ROUTE', 'admin\\stanje', '2024-02-23 11:57:13'),
(6335, 'ROUTE', 'css\\bootstrap.css.map', '2024-02-23 11:57:13'),
(6336, 'ROUTE', 'api\\proizvodiBarkodovi', '2024-02-23 11:57:16'),
(6337, 'ROUTE', 'admin\\stanje', '2024-02-23 11:58:13'),
(6338, 'ROUTE', 'css\\bootstrap.css.map', '2024-02-23 11:58:14'),
(6339, 'ROUTE', 'api\\proizvodiBarkodovi', '2024-02-23 11:58:15'),
(6340, 'ROUTE', 'admin\\stanje', '2024-02-23 11:58:30'),
(6341, 'ROUTE', 'css\\bootstrap.css.map', '2024-02-23 11:58:30'),
(6342, 'ROUTE', 'api\\proizvodiBarkodovi', '2024-02-23 11:58:31'),
(6343, 'ROUTE', 'admin\\stanje', '2024-02-23 11:58:52'),
(6344, 'ROUTE', 'css\\bootstrap.css.map', '2024-02-23 11:58:53'),
(6345, 'ROUTE', 'api\\proizvodiBarkodovi', '2024-02-23 11:58:53'),
(6346, 'ROUTE', 'admin\\stanje', '2024-02-23 11:59:13'),
(6347, 'ROUTE', 'css\\bootstrap.css.map', '2024-02-23 11:59:14'),
(6348, 'ROUTE', 'api\\proizvodiBarkodovi', '2024-02-23 11:59:15'),
(6349, 'ROUTE', 'api\\proizvodiBarkodovi', '2024-02-23 11:59:40'),
(6350, 'ROUTE', 'admin\\stanje', '2024-02-23 11:59:45'),
(6351, 'ROUTE', 'css\\bootstrap.css.map', '2024-02-23 11:59:45'),
(6352, 'ROUTE', 'api\\proizvodiBarkodovi', '2024-02-23 11:59:46'),
(6353, 'ROUTE', 'admin\\stanje', '2024-02-23 11:59:58'),
(6354, 'ROUTE', 'css\\bootstrap.css.map', '2024-02-23 11:59:58'),
(6355, 'ROUTE', 'api\\proizvodiBarkodovi', '2024-02-23 11:59:59'),
(6356, 'ROUTE', 'admin\\stanje', '2024-02-23 12:00:45'),
(6357, 'ROUTE', 'css\\bootstrap.css.map', '2024-02-23 12:00:46'),
(6358, 'ROUTE', 'api\\proizvodiBarkodovi', '2024-02-23 12:00:48'),
(6359, 'ROUTE', 'admin\\stanje', '2024-02-23 12:02:10'),
(6360, 'ROUTE', 'css\\bootstrap.css.map', '2024-02-23 12:02:10'),
(6361, 'ROUTE', 'api\\proizvodiBarkodovi', '2024-02-23 12:02:11'),
(6362, 'ROUTE', 'admin\\stanje', '2024-02-23 12:03:25'),
(6363, 'ROUTE', 'css\\bootstrap.css.map', '2024-02-23 12:03:25'),
(6364, 'ROUTE', 'api\\proizvodiBarkodovi', '2024-02-23 12:03:26'),
(6365, 'ROUTE', 'admin\\stanje', '2024-02-23 12:03:55'),
(6366, 'ROUTE', 'css\\bootstrap.css.map', '2024-02-23 12:03:55'),
(6367, 'ROUTE', 'api\\proizvodiBarkodovi', '2024-02-23 12:03:56'),
(6368, 'ROUTE', 'admin\\stanje', '2024-02-23 12:04:21'),
(6369, 'ROUTE', 'css\\bootstrap.css.map', '2024-02-23 12:04:21'),
(6370, 'ROUTE', 'api\\proizvodiBarkodovi', '2024-02-23 12:04:22'),
(6371, 'ROUTE', 'admin\\stanje', '2024-02-23 12:06:15'),
(6372, 'ROUTE', 'css\\bootstrap.css.map', '2024-02-23 12:06:15'),
(6373, 'ROUTE', 'api\\proizvodiBarkodovi', '2024-02-23 12:06:16'),
(6374, 'ROUTE', 'admin\\stanje', '2024-02-23 12:06:48'),
(6375, 'ROUTE', 'css\\bootstrap.css.map', '2024-02-23 12:06:48'),
(6376, 'ROUTE', 'api\\proizvodiBarkodovi', '2024-02-23 12:06:49'),
(6377, 'ROUTE', 'admin\\stanje', '2024-02-23 12:07:44'),
(6378, 'ROUTE', 'css\\bootstrap.css.map', '2024-02-23 12:07:44'),
(6379, 'ROUTE', 'api\\proizvodiBarkodovi', '2024-02-23 12:07:45'),
(6380, 'ROUTE', 'admin\\stanje', '2024-02-23 12:08:38'),
(6381, 'ROUTE', 'css\\bootstrap.css.map', '2024-02-23 12:08:38'),
(6382, 'ROUTE', 'api\\proizvodiBarkodovi', '2024-02-23 12:08:39'),
(6383, 'ROUTE', 'admin\\stanje', '2024-02-23 12:10:47'),
(6384, 'ROUTE', 'css\\bootstrap.css.map', '2024-02-23 12:10:47'),
(6385, 'ROUTE', 'api\\proizvodiBarkodovi', '2024-02-23 12:10:48'),
(6386, 'ROUTE', 'admin\\stanje', '2024-02-23 12:13:54'),
(6387, 'ROUTE', 'css\\bootstrap.css.map', '2024-02-23 12:13:54'),
(6388, 'ROUTE', 'api\\proizvodiBarkodovi', '2024-02-23 12:13:56'),
(6389, 'ROUTE', 'admin\\stanje', '2024-02-23 12:14:02'),
(6390, 'ROUTE', 'css\\bootstrap.css.map', '2024-02-23 12:14:02'),
(6391, 'ROUTE', 'api\\proizvodiBarkodovi', '2024-02-23 12:14:03'),
(6392, 'ROUTE', 'admin\\stanje', '2024-02-23 12:14:09'),
(6393, 'ROUTE', 'css\\bootstrap.css.map', '2024-02-23 12:14:09'),
(6394, 'ROUTE', 'admin\\stanje', '2024-02-23 12:14:12'),
(6395, 'ROUTE', 'css\\bootstrap.css.map', '2024-02-23 12:14:12'),
(6396, 'ROUTE', 'admin\\stanje', '2024-02-23 12:14:40'),
(6397, 'ROUTE', 'css\\bootstrap.css.map', '2024-02-23 12:14:41'),
(6398, 'ROUTE', 'api\\proizvodiBarkodovi', '2024-02-23 12:14:42'),
(6399, 'ROUTE', 'admin\\stanje', '2024-02-23 12:14:47'),
(6400, 'ROUTE', 'css\\bootstrap.css.map', '2024-02-23 12:14:47'),
(6401, 'ROUTE', 'api\\proizvodiBarkodovi', '2024-02-23 12:14:48'),
(6402, 'ROUTE', 'admin\\stanje', '2024-02-23 12:15:11'),
(6403, 'ROUTE', 'css\\bootstrap.css.map', '2024-02-23 12:15:12'),
(6404, 'ROUTE', 'api\\proizvodiBarkodovi', '2024-02-23 12:15:13'),
(6405, 'ROUTE', 'admin\\stanje', '2024-02-23 12:15:32'),
(6406, 'ROUTE', 'css\\bootstrap.css.map', '2024-02-23 12:15:32'),
(6407, 'ROUTE', 'api\\proizvodiBarkodovi', '2024-02-23 12:15:33'),
(6408, 'ROUTE', 'admin\\stanje', '2024-02-23 12:16:28'),
(6409, 'ROUTE', 'css\\bootstrap.css.map', '2024-02-23 12:16:28'),
(6410, 'ROUTE', 'api\\proizvodiBarkodovi', '2024-02-23 12:16:29'),
(6411, 'ROUTE', 'admin\\stanje', '2024-02-23 12:17:58'),
(6412, 'ROUTE', 'css\\bootstrap.css.map', '2024-02-23 12:17:58'),
(6413, 'ROUTE', 'api\\proizvodiBarkodovi', '2024-02-23 12:18:00'),
(6414, 'ROUTE', 'admin\\stanje', '2024-02-23 12:18:06'),
(6415, 'ROUTE', 'css\\bootstrap.css.map', '2024-02-23 12:18:06'),
(6416, 'ROUTE', 'api\\proizvodiBarkodovi', '2024-02-23 12:18:07'),
(6417, 'ROUTE', 'api\\proizvodiBarkodovi', '2024-02-23 12:18:44'),
(6418, 'ROUTE', 'api\\proizvodiBarkodovi', '2024-02-23 12:19:13'),
(6419, 'ROUTE', 'admin\\stanje', '2024-02-23 12:20:14'),
(6420, 'ROUTE', 'css\\bootstrap.css.map', '2024-02-23 12:20:14'),
(6421, 'ROUTE', 'api\\proizvodiBarkodovi', '2024-02-23 12:20:17'),
(6422, 'ROUTE', 'admin\\stanje', '2024-02-23 12:20:44'),
(6423, 'ROUTE', 'css\\bootstrap.css.map', '2024-02-23 12:20:44'),
(6424, 'ROUTE', 'api\\proizvodiBarkodovi', '2024-02-23 12:20:45'),
(6425, 'ROUTE', 'admin\\stanje', '2024-02-23 12:21:08'),
(6426, 'ROUTE', 'css\\bootstrap.css.map', '2024-02-23 12:21:09'),
(6427, 'ROUTE', 'api\\proizvodiBarkodovi', '2024-02-23 12:21:10'),
(6428, 'ROUTE', 'admin\\stanje', '2024-02-23 12:21:52'),
(6429, 'ROUTE', 'css\\bootstrap.css.map', '2024-02-23 12:21:53'),
(6430, 'ROUTE', 'api\\proizvodiBarkodovi', '2024-02-23 12:21:54'),
(6431, 'ROUTE', 'admin\\stanje', '2024-02-23 12:22:15'),
(6432, 'ROUTE', 'css\\bootstrap.css.map', '2024-02-23 12:22:15'),
(6433, 'ROUTE', 'api\\proizvodiBarkodovi', '2024-02-23 12:22:16'),
(6434, 'ROUTE', 'api\\proizvodiBarkodovi', '2024-02-23 12:31:04'),
(6435, 'ROUTE', 'admin\\stanje', '2024-02-23 12:31:09'),
(6436, 'ROUTE', 'css\\bootstrap.css.map', '2024-02-23 12:31:09'),
(6437, 'ROUTE', 'api\\proizvodiBarkodovi', '2024-02-23 12:31:10'),
(6438, 'ROUTE', 'admin\\stanje', '2024-02-23 12:31:21'),
(6439, 'ROUTE', 'css\\bootstrap.css.map', '2024-02-23 12:31:21'),
(6440, 'ROUTE', 'api\\proizvodiBarkodovi', '2024-02-23 12:31:23'),
(6441, 'ROUTE', 'api\\proizvodiBarkodovi', '2024-02-23 12:31:41'),
(6442, 'ROUTE', 'admin\\stanje', '2024-02-23 12:31:43'),
(6443, 'ROUTE', 'css\\bootstrap.css.map', '2024-02-23 12:31:43'),
(6444, 'ROUTE', 'api\\proizvodiBarkodovi', '2024-02-23 12:31:44'),
(6445, 'ROUTE', 'admin\\stanje', '2024-02-23 12:32:15'),
(6446, 'ROUTE', 'css\\bootstrap.css.map', '2024-02-23 12:32:15'),
(6447, 'ROUTE', 'api\\proizvodiBarkodovi', '2024-02-23 12:32:17'),
(6448, 'ROUTE', 'admin\\stanje', '2024-02-23 12:32:50'),
(6449, 'ROUTE', 'css\\bootstrap.css.map', '2024-02-23 12:32:50'),
(6450, 'ROUTE', 'api\\proizvodiBarkodovi', '2024-02-23 12:32:51'),
(6451, 'ROUTE', 'admin\\stanje', '2024-02-23 12:33:22'),
(6452, 'ROUTE', 'css\\bootstrap.css.map', '2024-02-23 12:33:22'),
(6453, 'ROUTE', 'api\\proizvodiBarkodovi', '2024-02-23 12:33:23'),
(6454, 'ROUTE', 'admin\\', '2024-02-23 14:22:15'),
(6455, 'ROUTE', 'api\\ucioniceChart', '2024-02-23 14:22:15'),
(6456, 'ROUTE', 'api\\tipoviChart', '2024-02-23 14:22:15'),
(6457, 'ROUTE', 'admin\\usporedba', '2024-02-23 14:59:13'),
(6458, 'ROUTE', 'admin\\stanje', '2024-02-23 14:59:13'),
(6459, 'ROUTE', 'api\\proizvodiBarkodovi', '2024-02-23 14:59:16'),
(6460, 'ROUTE', 'api\\proizvodiBarkodovi', '2024-02-23 15:01:14'),
(6461, 'ROUTE', 'api\\proizvodiBarkodovi', '2024-02-23 15:01:20'),
(6462, 'ROUTE', 'admin\\stanje', '2024-02-23 15:01:29'),
(6463, 'ROUTE', 'api\\proizvodiBarkodovi', '2024-02-23 15:01:30'),
(6464, 'ROUTE', 'admin\\stanje', '2024-02-23 15:03:44'),
(6465, 'ROUTE', 'api\\proizvodiBarkodovi', '2024-02-23 15:03:46'),
(6466, 'ROUTE', 'admin\\stanje', '2024-02-23 15:04:21'),
(6467, 'ROUTE', 'api\\proizvodiBarkodovi', '2024-02-23 15:04:22'),
(6468, 'ROUTE', 'api\\proizvodiBarkodovi', '2024-02-23 15:05:32'),
(6469, 'ROUTE', 'admin\\stanje', '2024-02-23 15:05:36'),
(6470, 'ROUTE', 'api\\proizvodiBarkodovi', '2024-02-23 15:05:37'),
(6471, 'ROUTE', 'admin\\stanje', '2024-02-23 15:06:12'),
(6472, 'ROUTE', 'api\\proizvodiBarkodovi', '2024-02-23 15:06:14'),
(6473, 'ROUTE', 'admin\\stanje', '2024-02-23 15:10:01'),
(6474, 'ROUTE', 'admin\\stanje', '2024-02-23 15:10:01'),
(6475, 'ROUTE', 'admin\\stanje', '2024-02-23 15:10:09'),
(6476, 'ROUTE', 'api\\proizvodiBarkodovi', '2024-02-23 15:10:10'),
(6477, 'ROUTE', 'admin\\usporedba', '2024-02-23 15:12:31'),
(6478, 'ROUTE', 'admin\\stanje', '2024-02-23 15:18:47'),
(6479, 'ROUTE', 'admin\\proizvodi', '2024-02-23 15:18:50'),
(6480, 'ROUTE', 'admin\\stanje', '2024-02-23 15:19:34'),
(6481, 'ROUTE', 'admin\\usporedba', '2024-02-23 15:19:34'),
(6482, 'ROUTE', 'css\\bootstrap.css.map', '2024-02-23 15:19:37'),
(6483, 'ROUTE', 'admin\\usporedba', '2024-02-23 15:19:57'),
(6484, 'ROUTE', 'admin\\usporedba', '2024-02-23 15:21:00'),
(6485, 'ROUTE', 'admin\\usporedba', '2024-02-23 15:23:23'),
(6486, 'ROUTE', 'admin\\usporedba', '2024-02-23 15:23:28'),
(6487, 'ROUTE', 'admin\\usporedba', '2024-02-23 15:23:52'),
(6488, 'ROUTE', 'admin\\usporedba', '2024-02-23 15:23:59'),
(6489, 'ROUTE', 'admin\\usporedba', '2024-02-23 15:24:12'),
(6490, 'ROUTE', 'admin\\usporedba', '2024-02-23 15:24:15'),
(6491, 'ROUTE', 'admin\\usporedba', '2024-02-23 15:24:27'),
(6492, 'ROUTE', 'css\\bootstrap.css.map', '2024-02-23 15:24:28'),
(6493, 'ROUTE', 'admin\\usporedba', '2024-02-23 15:24:34'),
(6494, 'ROUTE', 'css\\bootstrap.css.map', '2024-02-23 15:24:34'),
(6495, 'ROUTE', 'css\\bootstrap.css.map', '2024-02-23 15:24:55'),
(6496, 'ROUTE', 'admin\\usporedba', '2024-02-23 15:25:17'),
(6497, 'ROUTE', 'css\\bootstrap.css.map', '2024-02-23 15:25:17'),
(6498, 'ROUTE', 'admin\\usporedba', '2024-02-23 15:25:29'),
(6499, 'ROUTE', 'css\\bootstrap.css.map', '2024-02-23 15:25:29'),
(6500, 'ROUTE', 'admin\\usporedba', '2024-02-23 15:25:47'),
(6501, 'ROUTE', 'css\\bootstrap.css.map', '2024-02-23 15:25:53'),
(6502, 'ROUTE', 'admin\\usporedba', '2024-02-23 15:26:12'),
(6503, 'ROUTE', 'css\\bootstrap.css.map', '2024-02-23 15:26:12'),
(6504, 'ROUTE', 'profile\\', '2024-02-23 15:26:30'),
(6505, 'ROUTE', 'home\\', '2024-02-23 15:26:32'),
(6506, 'ROUTE', 'profile\\', '2024-02-23 15:26:32'),
(6507, 'ROUTE', 'admin\\ucionice', '2024-02-23 15:26:36'),
(6508, 'ROUTE', 'admin\\profesori', '2024-02-23 15:26:37'),
(6509, 'ROUTE', 'admin\\proizvodi', '2024-02-23 15:26:38'),
(6510, 'ROUTE', 'admin\\usporedba', '2024-02-23 15:26:38'),
(6511, 'ROUTE', 'admin\\stanje', '2024-02-23 15:26:39'),
(6512, 'ROUTE', 'admin\\usporedba', '2024-02-23 15:26:40'),
(6513, 'ROUTE', 'admin\\stanje', '2024-02-23 15:26:41'),
(6514, 'ROUTE', 'admin\\usporedba', '2024-02-23 15:26:42'),
(6515, 'ROUTE', 'admin\\usporedba', '2024-02-23 15:28:37'),
(6516, 'ROUTE', 'css\\bootstrap.css.map', '2024-02-23 15:28:39'),
(6517, 'ROUTE', 'admin\\usporedba', '2024-02-23 15:32:02'),
(6518, 'ROUTE', 'scan\\', '2024-02-23 15:32:19'),
(6519, 'ROUTE', 'upload\\', '2024-02-23 15:32:23'),
(6520, 'ROUTE', 'upload\\', '2024-02-23 15:32:23'),
(6521, 'ROUTE', 'upload\\', '2024-02-23 15:32:24'),
(6522, 'ROUTE', 'admin\\usporedba', '2024-02-23 15:32:26'),
(6523, 'ROUTE', 'upload\\', '2024-02-23 15:32:29'),
(6524, 'ROUTE', 'upload\\', '2024-02-23 15:32:30'),
(6525, 'ROUTE', 'upload\\', '2024-02-23 15:32:30'),
(6526, 'ROUTE', 'upload\\', '2024-02-23 15:32:30'),
(6527, 'ROUTE', 'upload\\', '2024-02-23 15:32:30'),
(6528, 'ROUTE', 'upload\\', '2024-02-23 15:32:30'),
(6529, 'ROUTE', 'admin\\usporedba', '2024-02-23 15:32:32'),
(6530, 'ROUTE', 'upload\\', '2024-02-23 15:32:36'),
(6531, 'ROUTE', 'upload\\', '2024-02-23 15:32:36'),
(6532, 'ROUTE', 'upload\\', '2024-02-23 15:32:37'),
(6533, 'ROUTE', 'upload\\', '2024-02-23 15:32:37'),
(6534, 'ROUTE', 'admin\\usporedba', '2024-02-23 15:32:38'),
(6535, 'ROUTE', 'upload\\', '2024-02-23 15:32:41'),
(6536, 'ROUTE', 'admin\\usporedba', '2024-02-23 15:32:42'),
(6537, 'ROUTE', 'upload\\', '2024-02-23 15:32:44'),
(6538, 'ROUTE', 'admin\\usporedba', '2024-02-23 15:32:45'),
(6539, 'ROUTE', 'upload\\', '2024-02-23 15:37:33'),
(6540, 'ROUTE', 'upload\\', '2024-02-23 15:37:33'),
(6541, 'ROUTE', 'upload\\', '2024-02-23 15:37:34'),
(6542, 'ROUTE', 'upload\\', '2024-02-23 15:37:34'),
(6543, 'ROUTE', 'admin\\usporedba', '2024-02-23 15:37:35'),
(6544, 'ROUTE', 'upload\\', '2024-02-23 15:37:37'),
(6545, 'ROUTE', 'admin\\usporedba', '2024-02-23 15:37:38'),
(6546, 'ROUTE', 'upload\\', '2024-02-23 15:37:40'),
(6547, 'ROUTE', 'admin\\usporedba', '2024-02-23 15:37:40'),
(6548, 'ROUTE', 'admin\\stanje', '2024-02-23 15:57:27'),
(6549, 'ROUTE', 'admin\\stanje', '2024-02-23 15:58:48'),
(6550, 'ROUTE', 'admin\\usporedba', '2024-02-23 15:58:48'),
(6551, 'ROUTE', 'admin\\usporedba', '2024-02-23 15:59:18'),
(6552, 'ROUTE', 'admin\\usporedba', '2024-02-23 15:59:24'),
(6553, 'ROUTE', 'admin\\usporedba', '2024-02-23 15:59:55'),
(6554, 'ROUTE', 'admin\\usporedba', '2024-02-23 16:04:28'),
(6555, 'ROUTE', 'admin\\usporedba', '2024-02-23 16:04:36'),
(6556, 'ROUTE', 'admin\\stanje', '2024-02-23 16:04:37'),
(6557, 'ROUTE', 'admin\\js_upload', '2024-02-23 16:04:42'),
(6558, 'ROUTE', 'admin\\stanje', '2024-02-23 16:04:43'),
(6559, 'ROUTE', 'admin\\stanje', '2024-02-23 16:04:44'),
(6560, 'ROUTE', 'css\\bootstrap.css.map', '2024-02-23 16:04:47'),
(6561, 'ROUTE', 'admin\\stanje', '2024-02-23 16:04:50'),
(6562, 'ROUTE', 'admin\\stanje', '2024-02-23 16:04:50'),
(6563, 'ROUTE', 'admin\\usporedba', '2024-02-23 16:04:52'),
(6564, 'ROUTE', 'admin\\usporedba', '2024-02-23 16:05:51'),
(6565, 'ROUTE', 'admin\\stanje', '2024-02-23 16:05:53'),
(6566, 'ROUTE', 'admin\\usporedba', '2024-02-23 16:10:01'),
(6567, 'ROUTE', 'admin\\usporedba', '2024-02-23 16:10:08'),
(6568, 'ROUTE', 'admin\\usporedba', '2024-02-23 16:10:11'),
(6569, 'ROUTE', 'css\\bootstrap.css.map', '2024-02-23 16:10:20'),
(6570, 'ROUTE', 'admin\\js_upload', '2024-02-23 16:10:23'),
(6571, 'ROUTE', 'admin\\usporedba', '2024-02-23 16:13:41'),
(6572, 'ROUTE', 'admin\\stanje', '2024-02-23 16:13:42'),
(6573, 'ROUTE', 'css\\bootstrap.css.map', '2024-02-23 16:13:47'),
(6574, 'ROUTE', 'admin\\js_upload', '2024-02-23 16:13:50'),
(6575, 'ROUTE', 'admin\\stanje', '2024-02-23 16:13:53'),
(6576, 'ROUTE', 'admin\\usporedba', '2024-02-23 16:13:54'),
(6577, 'ROUTE', 'css\\bootstrap.css.map', '2024-02-23 16:13:55'),
(6578, 'ROUTE', 'admin\\usporedba', '2024-02-23 16:14:15'),
(6579, 'ROUTE', 'css\\bootstrap.css.map', '2024-02-23 16:14:15'),
(6580, 'ROUTE', 'admin\\js_upload', '2024-02-23 16:14:16'),
(6581, 'ROUTE', 'admin\\js_upload', '2024-02-23 16:14:28'),
(6582, 'ROUTE', 'admin\\js_upload', '2024-02-23 16:14:31'),
(6583, 'ROUTE', 'admin\\usporedba', '2024-02-23 16:14:34'),
(6584, 'ROUTE', 'css\\bootstrap.css.map', '2024-02-23 16:14:34'),
(6585, 'ROUTE', 'admin\\stanje', '2024-02-23 16:14:38'),
(6586, 'ROUTE', 'admin\\stanje', '2024-02-23 16:14:38'),
(6587, 'ROUTE', 'admin\\usporedba', '2024-02-23 16:15:57'),
(6588, 'ROUTE', 'css\\bootstrap.css.map', '2024-02-23 16:15:57'),
(6589, 'ROUTE', 'admin\\js_upload', '2024-02-23 16:15:58'),
(6590, 'ROUTE', 'admin\\stanje', '2024-02-23 16:16:02'),
(6591, 'ROUTE', 'admin\\stanje', '2024-02-23 16:16:07'),
(6592, 'ROUTE', 'admin\\js_upload', '2024-02-23 16:16:09'),
(6593, 'ROUTE', 'admin\\stanje', '2024-02-23 16:16:11'),
(6594, 'ROUTE', 'admin\\stanje', '2024-02-23 16:16:13'),
(6595, 'ROUTE', 'admin\\stanje', '2024-02-23 16:16:14'),
(6596, 'ROUTE', 'admin\\stanje', '2024-02-23 16:16:44'),
(6597, 'ROUTE', 'admin\\js_upload', '2024-02-23 16:16:55'),
(6598, 'ROUTE', 'admin\\stanje', '2024-02-23 16:16:57'),
(6599, 'ROUTE', 'admin\\js_upload', '2024-02-23 16:17:21'),
(6600, 'ROUTE', 'admin\\stanje', '2024-02-23 16:17:25'),
(6601, 'ROUTE', 'admin\\stanje', '2024-02-23 16:17:27'),
(6602, 'ROUTE', 'admin\\stanje', '2024-02-23 16:17:27'),
(6603, 'ROUTE', 'admin\\stanje', '2024-02-23 16:17:28'),
(6604, 'ROUTE', 'admin\\usporedba', '2024-02-23 16:17:29'),
(6605, 'ROUTE', 'css\\bootstrap.css.map', '2024-02-23 16:17:30'),
(6606, 'ROUTE', 'admin\\stanje', '2024-02-23 16:17:37'),
(6607, 'ROUTE', 'admin\\stanje', '2024-02-23 16:17:38'),
(6608, 'ROUTE', 'admin\\stanje', '2024-02-23 16:17:38'),
(6609, 'ROUTE', 'admin\\stanje', '2024-02-23 16:17:39'),
(6610, 'ROUTE', 'admin\\stanje', '2024-02-23 16:17:39'),
(6611, 'ROUTE', 'admin\\stanje', '2024-02-23 16:17:57'),
(6612, 'ROUTE', 'admin\\js_upload', '2024-02-23 16:18:02'),
(6613, 'ROUTE', 'admin\\stanje', '2024-02-23 16:18:04'),
(6614, 'ROUTE', 'admin\\stanje', '2024-02-23 16:18:11'),
(6615, 'ROUTE', 'admin\\usporedba', '2024-02-23 16:18:12'),
(6616, 'ROUTE', 'admin\\proizvodi', '2024-02-23 16:18:13'),
(6617, 'ROUTE', 'admin\\profesori', '2024-02-23 16:18:14'),
(6618, 'ROUTE', 'admin\\ucionice', '2024-02-23 16:18:17'),
(6619, 'ROUTE', 'admin\\evidencija', '2024-02-23 16:18:18'),
(6620, 'ROUTE', 'scan\\', '2024-02-23 16:18:20'),
(6621, 'ROUTE', 'admin\\', '2024-02-23 16:18:21'),
(6622, 'ROUTE', 'api\\ucioniceChart', '2024-02-23 16:18:21'),
(6623, 'ROUTE', 'api\\tipoviChart', '2024-02-23 16:18:21'),
(6624, 'ROUTE', 'profile\\', '2024-02-23 16:18:22'),
(6625, 'ROUTE', 'css\\bootstrap.css.map', '2024-02-23 16:18:27'),
(6626, 'ROUTE', 'css\\bootstrap.css.map', '2024-02-23 16:18:36'),
(6627, 'ROUTE', 'profile\\', '2024-02-23 16:18:43'),
(6628, 'ROUTE', 'scan\\', '2024-02-23 16:18:45'),
(6629, 'ROUTE', 'admin\\', '2024-02-23 16:18:46'),
(6630, 'ROUTE', 'api\\ucioniceChart', '2024-02-23 16:18:46'),
(6631, 'ROUTE', 'api\\tipoviChart', '2024-02-23 16:18:46'),
(6632, 'ROUTE', 'admin\\evidencija', '2024-02-23 16:18:46'),
(6633, 'ROUTE', 'admin\\ucionice', '2024-02-23 16:18:47'),
(6634, 'ROUTE', 'admin\\profesori', '2024-02-23 16:18:58'),
(6635, 'ROUTE', 'profile\\', '2024-02-23 16:19:00'),
(6636, 'ROUTE', 'admin\\', '2024-02-23 16:19:01'),
(6637, 'ROUTE', 'api\\ucioniceChart', '2024-02-23 16:19:01'),
(6638, 'ROUTE', 'api\\tipoviChart', '2024-02-23 16:19:01'),
(6639, 'ROUTE', 'admin\\', '2024-02-23 17:47:57'),
(6640, 'ROUTE', 'api\\ucioniceChart', '2024-02-23 17:47:57'),
(6641, 'ROUTE', 'api\\tipoviChart', '2024-02-23 17:47:57'),
(6642, 'ROUTE', 'admin\\stanje', '2024-02-23 17:48:02'),
(6643, 'ROUTE', 'admin\\usporedba', '2024-02-23 17:48:03'),
(6644, 'ROUTE', 'admin\\proizvodi', '2024-02-23 17:48:04'),
(6645, 'ROUTE', 'admin\\usporedba', '2024-02-23 17:48:05'),
(6646, 'ROUTE', 'admin\\', '2024-02-23 17:48:09'),
(6647, 'ROUTE', 'api\\ucioniceChart', '2024-02-23 17:48:09'),
(6648, 'ROUTE', 'api\\tipoviChart', '2024-02-23 17:48:09'),
(6649, 'ROUTE', 'home\\', '2024-02-23 17:48:10'),
(6650, 'ROUTE', 'profile\\', '2024-02-23 17:48:11'),
(6651, 'ROUTE', 'scan\\', '2024-02-23 17:48:11'),
(6652, 'ROUTE', 'admin\\', '2024-02-23 17:48:12'),
(6653, 'ROUTE', 'api\\ucioniceChart', '2024-02-23 17:48:12'),
(6654, 'ROUTE', 'api\\tipoviChart', '2024-02-23 17:48:12'),
(6655, 'ROUTE', 'admin\\evidencija', '2024-02-23 17:48:13'),
(6656, 'ROUTE', 'admin\\ucionice', '2024-02-23 17:48:13'),
(6657, 'ROUTE', 'admin\\profesori', '2024-02-23 17:48:14'),
(6658, 'ROUTE', 'admin\\proizvodi', '2024-02-23 17:48:14'),
(6659, 'ROUTE', 'admin\\usporedba', '2024-02-23 17:48:15'),
(6660, 'ROUTE', 'admin\\stanje', '2024-02-23 17:48:15'),
(6661, 'ROUTE', 'admin\\usporedba', '2024-02-23 17:48:16'),
(6662, 'ROUTE', 'admin\\js_upload', '2024-02-23 17:48:24'),
(6663, 'ROUTE', 'admin\\usporedba', '2024-02-23 17:48:32'),
(6664, 'ROUTE', 'admin\\js_upload', '2024-02-23 17:48:34'),
(6665, 'ROUTE', 'admin\\usporedba', '2024-02-23 17:48:37'),
(6666, 'ROUTE', 'admin\\js_upload', '2024-02-23 17:48:39'),
(6667, 'ROUTE', 'admin\\usporedba', '2024-02-23 17:48:39'),
(6668, 'ROUTE', 'admin\\js_upload', '2024-02-23 17:48:40'),
(6669, 'ROUTE', 'admin\\usporedba', '2024-02-23 17:48:40'),
(6670, 'ROUTE', 'admin\\js_upload', '2024-02-23 17:48:42'),
(6671, 'ROUTE', 'admin\\usporedba', '2024-02-23 17:48:42'),
(6672, 'ROUTE', 'admin\\js_upload', '2024-02-23 17:48:44'),
(6673, 'ROUTE', 'admin\\usporedba', '2024-02-23 17:48:44'),
(6674, 'ROUTE', 'admin\\js_upload', '2024-02-23 17:48:48'),
(6675, 'ROUTE', 'admin\\usporedba', '2024-02-23 17:48:48'),
(6676, 'ROUTE', 'admin\\js_upload', '2024-02-23 17:48:51'),
(6677, 'ROUTE', 'admin\\usporedba', '2024-02-23 17:48:51'),
(6678, 'ROUTE', 'admin\\stanje', '2024-02-23 17:48:55'),
(6679, 'ROUTE', 'admin\\ucionice', '2024-02-23 17:48:57'),
(6680, 'ROUTE', 'admin\\profesori', '2024-02-23 17:48:59'),
(6681, 'ROUTE', 'admin\\', '2024-02-23 17:49:00'),
(6682, 'ROUTE', 'api\\ucioniceChart', '2024-02-23 17:49:00'),
(6683, 'ROUTE', 'api\\tipoviChart', '2024-02-23 17:49:00'),
(6684, 'ROUTE', 'profile\\', '2024-02-23 17:50:43'),
(6685, 'ROUTE', 'admin\\profesori', '2024-02-23 17:50:45'),
(6686, 'ROUTE', 'admin\\profesori', '2024-02-23 17:50:50'),
(6687, 'ROUTE', 'admin\\profesori', '2024-02-23 17:51:15'),
(6688, 'ROUTE', 'admin\\profesori', '2024-02-23 17:51:25'),
(6689, 'ROUTE', 'admin\\profesori', '2024-02-23 17:51:28'),
(6690, 'ROUTE', 'admin\\profesori', '2024-02-23 17:51:37'),
(6691, 'ROUTE', 'admin\\profesori', '2024-02-23 17:51:53'),
(6692, 'ROUTE', 'admin\\profesori', '2024-02-23 17:52:00'),
(6693, 'ROUTE', 'admin\\profesori', '2024-02-23 17:52:15'),
(6694, 'ROUTE', 'admin\\profesori', '2024-02-23 17:52:19'),
(6695, 'ROUTE', 'admin\\profesori', '2024-02-23 17:53:50'),
(6696, 'ROUTE', 'admin\\profesori', '2024-02-23 17:54:07'),
(6697, 'ROUTE', 'admin\\profesori', '2024-02-23 17:54:13'),
(6698, 'ROUTE', 'admin\\profesori', '2024-02-23 17:54:37'),
(6699, 'ROUTE', 'admin\\evidencija', '2024-02-23 17:54:42'),
(6700, 'ROUTE', 'admin\\', '2024-02-23 17:54:44'),
(6701, 'ROUTE', 'api\\ucioniceChart', '2024-02-23 17:54:45'),
(6702, 'ROUTE', 'api\\tipoviChart', '2024-02-23 17:54:45'),
(6703, 'ROUTE', 'admin\\profesori', '2024-02-23 17:54:59'),
(6704, 'ROUTE', 'admin\\profesori', '2024-02-23 17:55:11'),
(6705, 'ROUTE', 'admin\\profesori', '2024-02-23 17:56:48'),
(6706, 'ROUTE', 'admin\\profesori', '2024-02-23 17:57:11'),
(6707, 'ROUTE', 'admin\\profesori', '2024-02-23 17:57:15'),
(6708, 'ROUTE', 'admin\\profesori', '2024-02-23 17:57:18'),
(6709, 'ROUTE', 'admin\\evidencija', '2024-02-23 17:57:20'),
(6710, 'ROUTE', 'admin\\profesori', '2024-02-23 17:57:22'),
(6711, 'ROUTE', 'css\\bootstrap.css.map', '2024-02-23 17:57:24'),
(6712, 'ROUTE', 'admin\\profesori', '2024-02-23 17:57:34'),
(6713, 'ROUTE', 'css\\bootstrap.css.map', '2024-02-23 17:57:34'),
(6714, 'ROUTE', 'admin\\evidencija', '2024-02-23 17:57:49'),
(6715, 'ROUTE', 'admin\\profesori', '2024-02-23 17:57:51'),
(6716, 'ROUTE', 'admin\\evidencija', '2024-02-23 17:57:59'),
(6717, 'ROUTE', 'admin\\profesori', '2024-02-23 17:58:00'),
(6718, 'ROUTE', 'admin\\', '2024-02-23 18:00:07'),
(6719, 'ROUTE', 'api\\ucioniceChart', '2024-02-23 18:00:07'),
(6720, 'ROUTE', 'api\\tipoviChart', '2024-02-23 18:00:07'),
(6721, 'ROUTE', 'admin\\stanje', '2024-02-23 18:00:08'),
(6722, 'ROUTE', 'api\\proizvodiBarkodovi', '2024-02-23 18:00:10'),
(6723, 'ROUTE', 'css\\bootstrap.css.map', '2024-02-23 18:00:15'),
(6724, 'ROUTE', 'admin\\stanje', '2024-02-23 18:00:19'),
(6725, 'ROUTE', 'css\\bootstrap.css.map', '2024-02-23 18:00:19'),
(6726, 'ROUTE', 'api\\proizvodiBarkodovi', '2024-02-23 18:00:20'),
(6727, 'ROUTE', 'admin\\stanje', '2024-02-23 18:00:40'),
(6728, 'ROUTE', 'css\\bootstrap.css.map', '2024-02-23 18:00:40'),
(6729, 'ROUTE', 'api\\proizvodiBarkodovi', '2024-02-23 18:00:41'),
(6730, 'ROUTE', 'admin\\stanje', '2024-02-23 18:00:43'),
(6731, 'ROUTE', 'css\\bootstrap.css.map', '2024-02-23 18:00:44'),
(6732, 'ROUTE', 'admin\\stanje', '2024-02-23 18:00:44'),
(6733, 'ROUTE', 'css\\bootstrap.css.map', '2024-02-23 18:00:44'),
(6734, 'ROUTE', 'api\\proizvodiBarkodovi', '2024-02-23 18:00:50'),
(6735, 'ROUTE', 'admin\\stanje', '2024-02-23 18:01:06'),
(6736, 'ROUTE', 'admin\\stanje', '2024-02-23 18:01:07'),
(6737, 'ROUTE', 'api\\proizvodiBarkodovi', '2024-02-23 18:01:08'),
(6738, 'ROUTE', 'admin\\stanje', '2024-02-23 18:02:22'),
(6739, 'ROUTE', 'css\\bootstrap.css.map', '2024-02-23 18:02:26'),
(6740, 'ROUTE', 'api\\proizvodiBarkodovi', '2024-02-23 18:02:28'),
(6741, 'ROUTE', 'admin\\stanje', '2024-02-23 18:03:02'),
(6742, 'ROUTE', 'css\\bootstrap.css.map', '2024-02-23 18:03:02'),
(6743, 'ROUTE', 'api\\proizvodiBarkodovi', '2024-02-23 18:03:04'),
(6744, 'ROUTE', 'admin\\stanje', '2024-02-23 18:03:22'),
(6745, 'ROUTE', 'admin\\stanje', '2024-02-23 18:03:23'),
(6746, 'ROUTE', 'admin\\stanje', '2024-02-23 18:11:14'),
(6747, 'ROUTE', 'admin\\profesori', '2024-02-23 18:11:16'),
(6748, 'ROUTE', 'admin\\evidencija', '2024-02-23 18:11:18'),
(6749, 'ROUTE', 'admin\\profesori', '2024-02-23 18:11:19'),
(6750, 'ROUTE', 'admin\\profesori', '2024-02-23 18:11:24'),
(6751, 'ROUTE', 'admin\\profesori', '2024-02-23 18:11:36'),
(6752, 'ROUTE', 'admin\\profesori', '2024-02-23 18:11:39'),
(6753, 'ROUTE', 'admin\\profesori', '2024-02-23 18:11:42'),
(6754, 'ROUTE', 'admin\\profesori', '2024-02-23 18:11:45'),
(6755, 'ROUTE', 'css\\bootstrap.css.map', '2024-02-23 18:11:50'),
(6756, 'ROUTE', 'admin\\js_upload', '2024-02-23 18:11:51'),
(6757, 'ROUTE', 'admin\\profesori', '2024-02-23 18:11:51'),
(6758, 'ROUTE', 'css\\bootstrap.css.map', '2024-02-23 18:11:51'),
(6759, 'ROUTE', 'admin\\js_upload', '2024-02-23 18:12:01'),
(6760, 'ROUTE', 'admin\\profesori', '2024-02-23 18:12:01'),
(6761, 'ROUTE', 'css\\bootstrap.css.map', '2024-02-23 18:12:01'),
(6762, 'ROUTE', 'admin\\profesori', '2024-02-23 18:12:14'),
(6763, 'ROUTE', 'css\\bootstrap.css.map', '2024-02-23 18:12:14'),
(6764, 'ROUTE', 'admin\\js_upload', '2024-02-23 18:12:15'),
(6765, 'ROUTE', 'admin\\profesori', '2024-02-23 18:12:15'),
(6766, 'ROUTE', 'css\\bootstrap.css.map', '2024-02-23 18:12:15'),
(6767, 'ROUTE', 'admin\\js_upload', '2024-02-23 18:12:16'),
(6768, 'ROUTE', 'admin\\profesori', '2024-02-23 18:12:16'),
(6769, 'ROUTE', 'css\\bootstrap.css.map', '2024-02-23 18:12:16'),
(6770, 'ROUTE', 'admin\\profesori', '2024-02-23 18:12:30'),
(6771, 'ROUTE', 'css\\bootstrap.css.map', '2024-02-23 18:12:30'),
(6772, 'ROUTE', 'admin\\js_upload', '2024-02-23 18:12:31'),
(6773, 'ROUTE', 'admin\\profesori', '2024-02-23 18:12:31'),
(6774, 'ROUTE', 'css\\bootstrap.css.map', '2024-02-23 18:12:31'),
(6775, 'ROUTE', 'admin\\js_upload', '2024-02-23 18:12:35'),
(6776, 'ROUTE', 'admin\\profesori', '2024-02-23 18:12:35'),
(6777, 'ROUTE', 'css\\bootstrap.css.map', '2024-02-23 18:12:35'),
(6778, 'ROUTE', 'admin\\js_upload', '2024-02-23 18:12:36'),
(6779, 'ROUTE', 'admin\\profesori', '2024-02-23 18:12:36'),
(6780, 'ROUTE', 'css\\bootstrap.css.map', '2024-02-23 18:12:37'),
(6781, 'ROUTE', 'admin\\js_upload', '2024-02-23 18:12:37'),
(6782, 'ROUTE', 'admin\\profesori', '2024-02-23 18:12:37'),
(6783, 'ROUTE', 'css\\bootstrap.css.map', '2024-02-23 18:12:37'),
(6784, 'ROUTE', 'admin\\profesori', '2024-02-23 18:12:51');

-- --------------------------------------------------------

--
-- Table structure for table `vl_otpisano`
--

CREATE TABLE `vl_otpisano` (
  `id` int(11) NOT NULL,
  `proizvod_id` int(11) NOT NULL,
  `ucionica_id` int(11) NOT NULL,
  `kolicina` int(11) NOT NULL
) ENGINE=InnoDB DEFAULT CHARSET=utf8mb4 COLLATE=utf8mb4_general_ci;

-- --------------------------------------------------------

--
-- Table structure for table `vl_pozvani`
--

CREATE TABLE `vl_pozvani` (
  `id` int(11) NOT NULL,
  `admin_id` int(11) DEFAULT NULL,
  `user_id` int(11) DEFAULT NULL
) ENGINE=InnoDB DEFAULT CHARSET=utf8mb4 COLLATE=utf8mb4_general_ci;

--
-- Dumping data for table `vl_pozvani`
--

INSERT INTO `vl_pozvani` (`id`, `admin_id`, `user_id`) VALUES
(3, 6, 23);

-- --------------------------------------------------------

--
-- Table structure for table `vl_proizvodi`
--

CREATE TABLE `vl_proizvodi` (
  `id` int(11) NOT NULL,
  `tip_id` int(11) NOT NULL,
  `naziv` varchar(64) DEFAULT NULL,
  `opis` text NOT NULL,
  `pocetna_vrij` float NOT NULL DEFAULT 1,
  `vrij_knjig` float NOT NULL DEFAULT 1,
  `koef` float NOT NULL DEFAULT 0.8,
  `slika` varchar(128) DEFAULT NULL
) ENGINE=InnoDB DEFAULT CHARSET=utf8mb4 COLLATE=utf8mb4_general_ci;

--
-- Dumping data for table `vl_proizvodi`
--

INSERT INTO `vl_proizvodi` (`id`, `tip_id`, `naziv`, `opis`, `pocetna_vrij`, `vrij_knjig`, `koef`, `slika`) VALUES
(211, 29, 'Herman Miller stolac', 'NEMA', 1, 5.2, 0.2, 'proizvod_424.jpg'),
(212, 29, 'Secretlab stolac', 'NEMA', 1, 5.2, 0.2, 'proizvod_424.jpg'),
(213, 29, 'Secretlab stolac', 'NEMA', 1, 5.2, 0.2, 'proizvod_424.jpg'),
(214, 29, 'Herman Miller stolac', 'NEMA', 1, 5.2, 0.2, 'proizvod_424.jpg'),
(215, 29, 'Ikea stolac', 'NEMA', 1, 5.2, 0.2, 'proizvod_424.jpg'),
(216, 29, 'Secretlab stolac', 'NEMA', 1, 5.2, 0.2, 'proizvod_424.jpg'),
(217, 29, 'DXRacer stolac', 'NEMA', 1, 5.2, 0.2, 'proizvod_424.jpg'),
(218, 29, 'Ikea stolac', 'NEMA', 1, 5.2, 0.2, 'proizvod_424.jpg'),
(219, 29, 'Steelcase stolac', 'NEMA', 1, 5.2, 0.2, 'proizvod_424.jpg'),
(220, 29, 'DXRacer stolac', 'NEMA', 1, 5.2, 0.2, 'proizvod_424.jpg'),
(221, 29, 'Ikea stolac', 'NEMA', 1, 5.2, 0.2, 'proizvod_424.jpg'),
(222, 29, 'Steelcase stolac', 'NEMA', 1, 5.2, 0.2, 'proizvod_424.jpg'),
(223, 29, 'Steelcase stolac', 'NEMA', 1, 5.2, 0.2, 'proizvod_424.jpg'),
(224, 29, 'Herman Miller stolac', 'NEMA', 1, 5.2, 0.2, 'proizvod_424.jpg'),
(225, 29, 'Steelcase stolac', 'NEMA', 1, 5.2, 0.2, 'proizvod_424.jpg'),
(226, 30, 'HP laptop', 'NEMA', 1, 5.2, 0.2, 'proizvod_424.jpg'),
(227, 30, 'Dell laptop', 'NEMA', 1, 5.2, 0.2, 'proizvod_424.jpg'),
(228, 30, 'Dell laptop', 'NEMA', 1, 5.2, 0.2, 'proizvod_424.jpg'),
(229, 30, 'Apple laptop', 'NEMA', 1, 5.2, 0.2, 'proizvod_424.jpg'),
(230, 30, 'HP laptop', 'NEMA', 1, 5.2, 0.2, 'proizvod_424.jpg'),
(231, 30, 'Dell laptop', 'NEMA', 1, 5.2, 0.2, 'proizvod_424.jpg'),
(232, 30, 'HP laptop', 'NEMA', 1, 5.2, 0.2, 'proizvod_424.jpg'),
(233, 30, 'HP laptop', 'NEMA', 1, 5.2, 0.2, 'proizvod_424.jpg'),
(234, 30, 'Dell laptop', 'NEMA', 1, 5.2, 0.2, 'proizvod_424.jpg'),
(235, 30, 'HP laptop', 'NEMA', 1, 5.2, 0.2, 'proizvod_424.jpg'),
(236, 30, 'HP laptop', 'NEMA', 1, 5.2, 0.2, 'proizvod_424.jpg'),
(237, 30, 'Apple laptop', 'NEMA', 1, 5.2, 0.2, 'proizvod_424.jpg'),
(238, 30, 'Lenovo laptop', 'NEMA', 1, 5.2, 0.2, 'proizvod_424.jpg'),
(239, 30, 'Dell laptop', 'NEMA', 1, 5.2, 0.2, 'proizvod_424.jpg'),
(240, 30, 'Apple laptop', 'NEMA', 1, 5.2, 0.2, 'proizvod_424.jpg'),
(241, 31, 'Asus monitor', 'NEMA', 1, 5.2, 0.2, 'proizvod_424.jpg'),
(242, 31, 'Asus monitor', 'NEMA', 1, 5.2, 0.2, 'proizvod_424.jpg'),
(243, 31, 'LG monitor', 'NEMA', 1, 5.2, 0.2, 'proizvod_424.jpg'),
(244, 31, 'Samsung monitor', 'NEMA', 1, 5.2, 0.2, 'proizvod_424.jpg'),
(245, 31, 'Acer monitor', 'NEMA', 1, 5.2, 0.2, 'proizvod_424.jpg'),
(246, 31, 'Acer monitor', 'NEMA', 1, 5.2, 0.2, 'proizvod_424.jpg'),
(247, 31, 'LG monitor', 'NEMA', 1, 5.2, 0.2, 'proizvod_424.jpg'),
(248, 31, 'Samsung monitor', 'NEMA', 1, 5.2, 0.2, 'proizvod_424.jpg'),
(249, 31, 'Samsung monitor', 'NEMA', 1, 5.2, 0.2, 'proizvod_424.jpg'),
(250, 31, 'Acer monitor', 'NEMA', 1, 5.2, 0.2, 'proizvod_424.jpg'),
(251, 31, 'Asus monitor', 'NEMA', 1, 5.2, 0.2, 'proizvod_424.jpg'),
(252, 31, 'Dell monitor', 'NEMA', 1, 5.2, 0.2, 'proizvod_424.jpg'),
(253, 31, 'Dell monitor', 'NEMA', 1, 5.2, 0.2, 'proizvod_424.jpg'),
(254, 31, 'Dell monitor', 'NEMA', 1, 5.2, 0.2, 'proizvod_424.jpg'),
(255, 31, 'LG monitor', 'NEMA', 1, 5.2, 0.2, 'proizvod_424.jpg'),
(256, 32, 'Corsair tipkovnica', 'NEMA', 1, 5.2, 0.2, 'proizvod_424.jpg'),
(257, 32, 'Razer tipkovnica', 'NEMA', 1, 5.2, 0.2, 'proizvod_424.jpg'),
(258, 32, 'Microsoft tipkovnica', 'NEMA', 1, 5.2, 0.2, 'proizvod_424.jpg'),
(259, 32, 'SteelSeries tipkovnica', 'NEMA', 1, 5.2, 0.2, 'proizvod_424.jpg'),
(260, 32, 'Logitech tipkovnica', 'NEMA', 1, 5.2, 0.2, 'proizvod_424.jpg'),
(261, 32, 'Corsair tipkovnica', 'NEMA', 1, 5.2, 0.2, 'proizvod_424.jpg'),
(262, 32, 'Razer tipkovnica', 'NEMA', 1, 5.2, 0.2, 'proizvod_424.jpg'),
(263, 32, 'Microsoft tipkovnica', 'NEMA', 1, 5.2, 0.2, 'proizvod_424.jpg'),
(264, 32, 'SteelSeries tipkovnica', 'NEMA', 1, 5.2, 0.2, 'proizvod_424.jpg'),
(265, 32, 'Razer tipkovnica', 'NEMA', 1, 5.2, 0.2, 'proizvod_424.jpg'),
(266, 32, 'Corsair tipkovnica', 'NEMA', 1, 5.2, 0.2, 'proizvod_424.jpg'),
(267, 32, 'Logitech tipkovnica', 'NEMA', 1, 5.2, 0.2, 'proizvod_424.jpg'),
(268, 32, 'Microsoft tipkovnica', 'NEMA', 1, 5.2, 0.2, 'proizvod_424.jpg'),
(269, 32, 'Razer tipkovnica', 'NEMA', 1, 5.2, 0.2, 'proizvod_424.jpg'),
(270, 32, 'SteelSeries tipkovnica', 'NEMA', 1, 5.2, 0.2, 'proizvod_424.jpg'),
(271, 33, 'Razer mi', 'NEMA', 1, 5.2, 0.2, 'proizvod_424.jpg'),
(272, 33, 'Corsair mi', 'NEMA', 1, 5.2, 0.2, 'proizvod_424.jpg'),
(273, 33, 'SteelSeries mi', 'NEMA', 1, 5.2, 0.2, 'proizvod_424.jpg'),
(274, 33, 'Razer mi', 'NEMA', 1, 5.2, 0.2, 'proizvod_424.jpg'),
(275, 33, 'Logitech mi', 'NEMA', 1, 5.2, 0.2, 'proizvod_424.jpg'),
(276, 33, 'Razer mi', 'NEMA', 1, 5.2, 0.2, 'proizvod_424.jpg'),
(277, 33, 'Logitech mi', 'NEMA', 1, 5.2, 0.2, 'proizvod_424.jpg'),
(278, 33, 'Microsoft mi', 'NEMA', 1, 5.2, 0.2, 'proizvod_424.jpg'),
(279, 33, 'Logitech mi', 'NEMA', 1, 5.2, 0.2, 'proizvod_424.jpg'),
(280, 33, 'Razer mi', 'NEMA', 1, 5.2, 0.2, 'proizvod_424.jpg'),
(281, 33, 'Logitech mi', 'NEMA', 1, 5.2, 0.2, 'proizvod_424.jpg'),
(282, 33, 'Razer mi', 'NEMA', 1, 5.2, 0.2, 'proizvod_424.jpg'),
(283, 33, 'Razer mi', 'NEMA', 1, 5.2, 0.2, 'proizvod_424.jpg'),
(284, 33, 'SteelSeries mi', 'NEMA', 1, 5.2, 0.2, 'proizvod_424.jpg'),
(285, 33, 'Razer mi', 'NEMA', 1, 5.2, 0.2, 'proizvod_424.jpg'),
(286, 34, 'Dell raunalo', 'NEMA', 1, 5.2, 0.2, 'proizvod_424.jpg'),
(287, 34, 'HP raunalo', 'NEMA', 1, 5.2, 0.2, 'proizvod_424.jpg'),
(288, 34, 'Asus raunalo', 'NEMA', 1, 5.2, 0.2, 'proizvod_424.jpg'),
(289, 34, 'Dell raunalo', 'NEMA', 1, 5.2, 0.2, 'proizvod_424.jpg'),
(290, 34, 'Lenovo raunalo', 'NEMA', 1, 5.2, 0.2, 'proizvod_424.jpg'),
(291, 34, 'Apple raunalo', 'NEMA', 1, 5.2, 0.2, 'proizvod_424.jpg'),
(292, 34, 'Dell raunalo', 'NEMA', 1, 5.2, 0.2, 'proizvod_424.jpg'),
(293, 34, 'Asus raunalo', 'NEMA', 1, 5.2, 0.2, 'proizvod_424.jpg'),
(294, 34, 'Apple raunalo', 'NEMA', 1, 5.2, 0.2, 'proizvod_424.jpg'),
(295, 34, 'Lenovo raunalo', 'NEMA', 1, 5.2, 0.2, 'proizvod_424.jpg'),
(296, 34, 'Lenovo raunalo', 'NEMA', 1, 5.2, 0.2, 'proizvod_424.jpg'),
(297, 34, 'Apple raunalo', 'NEMA', 1, 5.2, 0.2, 'proizvod_424.jpg'),
(298, 34, 'Apple raunalo', 'NEMA', 1, 5.2, 0.2, 'proizvod_424.jpg'),
(299, 34, 'Dell raunalo', 'NEMA', 1, 5.2, 0.2, 'proizvod_424.jpg'),
(300, 34, 'Asus raunalo', 'NEMA', 1, 5.2, 0.2, 'proizvod_424.jpg'),
(301, 35, 'Sony projektor', 'NEMA', 1, 5.2, 0.2, 'proizvod_424.jpg'),
(302, 35, 'Optoma projektor', 'NEMA', 1, 5.2, 0.2, 'proizvod_424.jpg'),
(303, 35, 'Epson projektor', 'NEMA', 1, 5.2, 0.2, 'proizvod_424.jpg'),
(304, 35, 'Sony projektor', 'NEMA', 1, 5.2, 0.2, 'proizvod_424.jpg'),
(305, 35, 'Epson projektor', 'NEMA', 1, 5.2, 0.2, 'proizvod_424.jpg'),
(306, 35, 'Sony projektor', 'NEMA', 1, 5.2, 0.2, 'proizvod_424.jpg'),
(307, 35, 'Epson projektor', 'NEMA', 1, 5.2, 0.2, 'proizvod_424.jpg'),
(308, 35, 'Optoma projektor', 'NEMA', 1, 5.2, 0.2, 'proizvod_424.jpg'),
(309, 35, 'Sony projektor', 'NEMA', 1, 5.2, 0.2, 'proizvod_424.jpg'),
(310, 35, 'BenQ projektor', 'NEMA', 1, 5.2, 0.2, 'proizvod_424.jpg'),
(311, 35, 'Epson projektor', 'NEMA', 1, 5.2, 0.2, 'proizvod_424.jpg'),
(312, 35, 'Acer projektor', 'NEMA', 1, 5.2, 0.2, 'proizvod_424.jpg'),
(313, 35, 'Sony projektor', 'NEMA', 1, 5.2, 0.2, 'proizvod_424.jpg'),
(314, 35, 'Sony projektor', 'NEMA', 1, 5.2, 0.2, 'proizvod_424.jpg'),
(315, 35, 'Epson projektor', 'NEMA', 1, 5.2, 0.2, 'proizvod_424.jpg'),
(316, 36, 'Monoprice HDMI kabel', 'NEMA', 1, 5.2, 0.2, 'proizvod_424.jpg'),
(317, 36, 'Anker HDMI kabel', 'NEMA', 1, 5.2, 0.2, 'proizvod_424.jpg'),
(318, 36, 'Monoprice HDMI kabel', 'NEMA', 1, 5.2, 0.2, 'proizvod_424.jpg'),
(319, 36, 'UGREEN HDMI kabel', 'NEMA', 1, 5.2, 0.2, 'proizvod_424.jpg'),
(320, 36, 'Anker HDMI kabel', 'NEMA', 1, 5.2, 0.2, 'proizvod_424.jpg'),
(321, 36, 'AmazonBasics HDMI kabel', 'NEMA', 1, 5.2, 0.2, 'proizvod_424.jpg'),
(322, 36, 'AmazonBasics HDMI kabel', 'NEMA', 1, 5.2, 0.2, 'proizvod_424.jpg'),
(323, 36, 'Monoprice HDMI kabel', 'NEMA', 1, 5.2, 0.2, 'proizvod_424.jpg'),
(324, 36, 'AmazonBasics HDMI kabel', 'NEMA', 1, 5.2, 0.2, 'proizvod_424.jpg'),
(325, 36, 'Anker HDMI kabel', 'NEMA', 1, 5.2, 0.2, 'proizvod_424.jpg'),
(326, 36, 'Belkin HDMI kabel', 'NEMA', 1, 5.2, 0.2, 'proizvod_424.jpg'),
(327, 36, 'Monoprice HDMI kabel', 'NEMA', 1, 5.2, 0.2, 'proizvod_424.jpg'),
(328, 36, 'UGREEN HDMI kabel', 'NEMA', 1, 5.2, 0.2, 'proizvod_424.jpg'),
(329, 36, 'Monoprice HDMI kabel', 'NEMA', 1, 5.2, 0.2, 'proizvod_424.jpg'),
(330, 36, 'Belkin HDMI kabel', 'NEMA', 1, 5.2, 0.2, 'proizvod_424.jpg'),
(331, 37, 'Epson pisa', 'NEMA', 1, 5.2, 0.2, 'proizvod_424.jpg'),
(332, 37, 'Brother pisa', 'NEMA', 1, 5.2, 0.2, 'proizvod_424.jpg'),
(333, 37, 'Canon pisa', 'NEMA', 1, 5.2, 0.2, 'proizvod_424.jpg'),
(334, 37, 'Canon pisa', 'NEMA', 1, 5.2, 0.2, 'proizvod_424.jpg'),
(335, 37, 'HP pisa', 'NEMA', 1, 5.2, 0.2, 'proizvod_424.jpg'),
(336, 37, 'Epson pisa', 'NEMA', 1, 5.2, 0.2, 'proizvod_424.jpg'),
(337, 37, 'Epson pisa', 'NEMA', 1, 5.2, 0.2, 'proizvod_424.jpg'),
(338, 37, 'Epson pisa', 'NEMA', 1, 5.2, 0.2, 'proizvod_424.jpg'),
(339, 37, 'Samsung pisa', 'NEMA', 1, 5.2, 0.2, 'proizvod_424.jpg'),
(340, 37, 'Samsung pisa', 'NEMA', 1, 5.2, 0.2, 'proizvod_424.jpg'),
(341, 37, 'HP pisa', 'NEMA', 1, 5.2, 0.2, 'proizvod_424.jpg'),
(342, 37, 'Canon pisa', 'NEMA', 1, 5.2, 0.2, 'proizvod_424.jpg'),
(343, 37, 'Brother pisa', 'NEMA', 1, 5.2, 0.2, 'proizvod_424.jpg'),
(344, 37, 'Canon pisa', 'NEMA', 1, 5.2, 0.2, 'proizvod_424.jpg'),
(345, 37, 'Epson pisa', 'NEMA', 1, 5.2, 0.2, 'proizvod_424.jpg'),
(346, 38, 'Fujitsu skener', 'NEMA', 1, 5.2, 0.2, 'proizvod_424.jpg'),
(347, 38, 'Epson skener', 'NEMA', 1, 5.2, 0.2, 'proizvod_424.jpg'),
(348, 38, 'Canon skener', 'NEMA', 1, 5.2, 0.2, 'proizvod_424.jpg'),
(349, 38, 'HP skener', 'NEMA', 1, 5.2, 0.2, 'proizvod_424.jpg'),
(350, 38, 'Canon skener', 'NEMA', 1, 5.2, 0.2, 'proizvod_424.jpg'),
(351, 38, 'Epson skener', 'NEMA', 1, 5.2, 0.2, 'proizvod_424.jpg'),
(352, 38, 'Fujitsu skener', 'NEMA', 1, 5.2, 0.2, 'proizvod_424.jpg'),
(353, 38, 'Epson skener', 'NEMA', 1, 5.2, 0.2, 'proizvod_424.jpg'),
(354, 38, 'Epson skener', 'NEMA', 1, 5.2, 0.2, 'proizvod_424.jpg'),
(355, 38, 'Epson skener', 'NEMA', 1, 5.2, 0.2, 'proizvod_424.jpg'),
(356, 38, 'Brother skener', 'NEMA', 1, 5.2, 0.2, 'proizvod_424.jpg'),
(357, 38, 'HP skener', 'NEMA', 1, 5.2, 0.2, 'proizvod_424.jpg'),
(358, 38, 'Fujitsu skener', 'NEMA', 1, 5.2, 0.2, 'proizvod_424.jpg'),
(359, 38, 'Fujitsu skener', 'NEMA', 1, 5.2, 0.2, 'proizvod_424.jpg'),
(360, 38, 'Brother skener', 'NEMA', 1, 5.2, 0.2, 'proizvod_424.jpg'),
(361, 39, 'SteelSeries slualice', 'NEMA', 1, 5.2, 0.2, 'proizvod_424.jpg'),
(362, 39, 'Audio-Technica slualice', 'NEMA', 1, 5.2, 0.2, 'proizvod_424.jpg'),
(363, 39, 'SteelSeries slualice', 'NEMA', 1, 5.2, 0.2, 'proizvod_424.jpg'),
(364, 39, 'Sony slualice', 'NEMA', 1, 5.2, 0.2, 'proizvod_424.jpg'),
(365, 39, 'Sony slualice', 'NEMA', 1, 5.2, 0.2, 'proizvod_424.jpg'),
(366, 39, 'SteelSeries slualice', 'NEMA', 1, 5.2, 0.2, 'proizvod_424.jpg'),
(367, 39, 'SteelSeries slualice', 'NEMA', 1, 5.2, 0.2, 'proizvod_424.jpg'),
(368, 39, 'Bose slualice', 'NEMA', 1, 5.2, 0.2, 'proizvod_424.jpg'),
(369, 39, 'Sony slualice', 'NEMA', 1, 5.2, 0.2, 'proizvod_424.jpg'),
(370, 39, 'SteelSeries slualice', 'NEMA', 1, 5.2, 0.2, 'proizvod_424.jpg'),
(371, 39, 'Sony slualice', 'NEMA', 1, 5.2, 0.2, 'proizvod_424.jpg'),
(372, 39, 'Audio-Technica slualice', 'NEMA', 1, 5.2, 0.2, 'proizvod_424.jpg'),
(373, 39, 'Sennheiser slualice', 'NEMA', 1, 5.2, 0.2, 'proizvod_424.jpg'),
(374, 39, 'SteelSeries slualice', 'NEMA', 1, 5.2, 0.2, 'proizvod_424.jpg'),
(375, 39, 'Sony slualice', 'NEMA', 1, 5.2, 0.2, 'proizvod_424.jpg'),
(376, 40, 'HyperX podloga za mi', 'NEMA', 1, 5.2, 0.2, 'proizvod_424.jpg'),
(377, 40, 'Logitech podloga za mi', 'NEMA', 1, 5.2, 0.2, 'proizvod_424.jpg'),
(378, 40, 'Razer podloga za mi', 'NEMA', 1, 5.2, 0.2, 'proizvod_424.jpg'),
(379, 40, 'Corsair podloga za mi', 'NEMA', 1, 5.2, 0.2, 'proizvod_424.jpg'),
(380, 40, 'Razer podloga za mi', 'NEMA', 1, 5.2, 0.2, 'proizvod_424.jpg'),
(381, 40, 'Corsair podloga za mi', 'NEMA', 1, 5.2, 0.2, 'proizvod_424.jpg'),
(382, 40, 'Razer podloga za mi', 'NEMA', 1, 5.2, 0.2, 'proizvod_424.jpg'),
(383, 40, 'HyperX podloga za mi', 'NEMA', 1, 5.2, 0.2, 'proizvod_424.jpg'),
(384, 40, 'SteelSeries podloga za mi', 'NEMA', 1, 5.2, 0.2, 'proizvod_424.jpg'),
(385, 40, 'Logitech podloga za mi', 'NEMA', 1, 5.2, 0.2, 'proizvod_424.jpg'),
(386, 40, 'Logitech podloga za mi', 'NEMA', 1, 5.2, 0.2, 'proizvod_424.jpg'),
(387, 40, 'Logitech podloga za mi', 'NEMA', 1, 5.2, 0.2, 'proizvod_424.jpg'),
(388, 40, 'Logitech podloga za mi', 'NEMA', 1, 5.2, 0.2, 'proizvod_424.jpg'),
(389, 40, 'Corsair podloga za mi', 'NEMA', 1, 5.2, 0.2, 'proizvod_424.jpg'),
(390, 40, 'Logitech podloga za mi', 'NEMA', 1, 5.2, 0.2, 'proizvod_424.jpg'),
(391, 41, 'Bush Furniture stol', 'NEMA', 1, 5.2, 0.2, 'proizvod_424.jpg'),
(392, 41, 'Ikea stol', 'NEMA', 1, 5.2, 0.2, 'proizvod_424.jpg'),
(393, 41, 'Ikea stol', 'NEMA', 1, 5.2, 0.2, 'proizvod_424.jpg'),
(394, 41, 'Bush Furniture stol', 'NEMA', 1, 5.2, 0.2, 'proizvod_424.jpg'),
(395, 41, 'Ikea stol', 'NEMA', 1, 5.2, 0.2, 'proizvod_424.jpg'),
(396, 41, 'Walker Edison stol', 'NEMA', 1, 5.2, 0.2, 'proizvod_424.jpg'),
(397, 41, 'Walker Edison stol', 'NEMA', 1, 5.2, 0.2, 'proizvod_424.jpg'),
(398, 41, 'Ikea stol', 'NEMA', 1, 5.2, 0.2, 'proizvod_424.jpg'),
(399, 41, 'Sauder stol', 'NEMA', 1, 5.2, 0.2, 'proizvod_424.jpg'),
(400, 41, 'Bush Furniture stol', 'NEMA', 1, 5.2, 0.2, 'proizvod_424.jpg'),
(401, 41, 'Bush Furniture stol', 'NEMA', 1, 5.2, 0.2, 'proizvod_424.jpg'),
(402, 41, 'Sauder stol', 'NEMA', 1, 5.2, 0.2, 'proizvod_424.jpg'),
(403, 41, 'Bush Furniture stol', 'NEMA', 1, 5.2, 0.2, 'proizvod_424.jpg'),
(404, 41, 'Bush Furniture stol', 'NEMA', 1, 5.2, 0.2, 'proizvod_424.jpg'),
(405, 41, 'Walker Edison stol', 'NEMA', 1, 5.2, 0.2, 'proizvod_424.jpg'),
(406, 42, 'Razer web kamera', 'NEMA', 1, 5.2, 0.2, 'proizvod_424.jpg'),
(407, 42, 'AverMedia web kamera', 'NEMA', 1, 5.2, 0.2, 'proizvod_424.jpg'),
(408, 42, 'HP web kamera', 'NEMA', 1, 5.2, 0.2, 'proizvod_424.jpg'),
(409, 42, 'Logitech web kamera', 'NEMA', 1, 5.2, 0.2, 'proizvod_424.jpg'),
(410, 42, 'Logitech web kamera', 'NEMA', 1, 5.2, 0.2, 'proizvod_424.jpg'),
(411, 42, 'AverMedia web kamera', 'NEMA', 1, 5.2, 0.2, 'proizvod_424.jpg'),
(412, 42, 'Microsoft web kamera', 'NEMA', 1, 5.2, 0.2, 'proizvod_424.jpg'),
(413, 42, 'AverMedia web kamera', 'NEMA', 1, 5.2, 0.2, 'proizvod_424.jpg'),
(414, 42, 'HP web kamera', 'NEMA', 1, 5.2, 0.2, 'proizvod_424.jpg'),
(415, 42, 'Razer web kamera', 'NEMA', 1, 5.2, 0.2, 'proizvod_424.jpg'),
(416, 42, 'Logitech web kamera', 'NEMA', 1, 5.2, 0.2, 'proizvod_424.jpg'),
(417, 42, 'HP web kamera', 'NEMA', 1, 5.2, 0.2, 'proizvod_424.jpg'),
(418, 42, 'HP web kamera', 'NEMA', 1, 5.2, 0.2, 'proizvod_424.jpg'),
(419, 42, 'Logitech web kamera', 'NEMA', 1, 5.2, 0.2, 'proizvod_424.jpg'),
(420, 42, 'Microsoft web kamera', 'NEMA', 1, 5.2, 0.2, 'proizvod_424.jpg'),
(421, 33, 'genius mi', 'neki opis', 17.95, 0, 0.95, 'proizvod_424.jpg'),
(422, 30, 'HP Victus', 'gaming laptop', 400, 0, 0.65, 'proizvod_424.jpg'),
(423, 29, 'Slika', 'cvijet', 1.15, 7.59, 0.1, 'proizvod_423.jpg'),
(424, 36, 'Novi proizvod', 'neki proizvod', 204, 0, 0.75, 'proizvod_424.jpg'),
(425, 31, 'test', 'test', 1, 0, 1, 'proizvod_425.png'),
(426, 32, 'test2', 'test2', 1, 0, 1, 'proizvod_426.jpg'),
(427, 32, 'test3', 'test3', 1, 0, 1, 'proizvod_427.png'),
(428, 33, 'test3', 'test3', 1, 0, 1, 'proizvod_428.png'),
(429, 32, 'test4', 'test4', 1, 0, 1, 'proizvod_429.jpg'),
(430, 31, 'asd', 'asd', 1, 0, 1, 'proizvod_430.jpg'),
(431, 34, 'dd', 'dd', 1, 0, 1, 'proizvod_431.jpg'),
(432, 30, 'genius mi', 'neki opis', 1, 0, 1, 'proizvod_424.jpg'),
(433, 33, 'dddd', 'dddd', 1, 0, 1, 'proizvod_424.jpg'),
(434, 33, 'neki novi', 'opis', 1, 0, 1, 'proizvod_434.png'),
(435, 33, 'neki novi', 'opis', 1, 0, 1, 'proizvod_435.png'),
(436, 33, 'neki novi', 'opis', 1, 0, 1, 'proizvod_436.png'),
(437, 33, 'neki novi', 'opis', 1, 0, 1, 'proizvod_437.png'),
(438, 33, 'neki novi', 'opis', 1, 0, 1, 'proizvod_438.png'),
(439, 33, 'neki novi', 'opis', 1, 0, 1, 'proizvod_439.png'),
(440, 30, 'Novi', 'barkod radi', 1, 0, 1, 'proizvod_424.jpg'),
(441, 30, 'Novi', 'barkod radi', 1, 0, 1, 'proizvod_424.jpg'),
(442, 30, 'Novi', 'barkod radi', 1, 0, 1, 'proizvod_424.jpg'),
(443, 30, 'Novi', 'barkod radi', 1, 0, 1, 'proizvod_443.png'),
(444, 32, 'Micko', 'macak', 1, 0, 1, 'proizvod_444.jpg'),
(445, 34, 'test', 'test', 1, 1, 1, 'proizvod_445.jpg'),
(446, 35, 'test', 'neki opis', 1, 1, 1, 'proizvod_446.jpg'),
(447, 34, 'asd', 'asd', 1, 1, 1, 'proizvod_447.jpg'),
(448, 33, 'asads', 'aasdads', 1, 1, 1, 'proizvod_448.jpg');

-- --------------------------------------------------------

--
-- Table structure for table `vl_scan`
--

CREATE TABLE `vl_scan` (
  `id` int(11) NOT NULL,
  `value` varchar(32) DEFAULT NULL,
  `standard` varchar(32) NOT NULL
) ENGINE=InnoDB DEFAULT CHARSET=utf8mb4 COLLATE=utf8mb4_general_ci;

--
-- Dumping data for table `vl_scan`
--

INSERT INTO `vl_scan` (`id`, `value`, `standard`) VALUES
(46, '1000300002338', 'EAN_13'),
(47, '1000300002352', 'EAN_13'),
(48, '1000320002585', 'EAN13'),
(49, '1000330002773', 'EAN13'),
(50, '1000320002585', 'EAN_13'),
(51, '1000320002646', 'EAN_13'),
(52, '1000320002677', 'EAN_13'),
(53, '1000320002707', 'EAN_13'),
(54, '1000320002585', 'EAN_13'),
(55, '1000320002585', 'EAN_13'),
(56, '11118282', 'EAN_8'),
(57, '1000320002578', 'EAN_13'),
(58, '1000320002585', 'EAN_13'),
(59, '1000320002585', 'EAN_13'),
(60, '1000320002585', 'EAN_13'),
(61, '1000320002615', 'EAN_13'),
(62, '1000320002615', 'EAN_13'),
(63, '1000320002585', 'EAN_13'),
(64, '1000320002585', 'EAN_13'),
(65, '1000320002585', 'EAN_13'),
(66, '1000320002707', 'EAN_13'),
(67, '1000320002585', 'EAN_13'),
(68, '1000320002653', 'EAN_13'),
(69, '1000320002707', 'EAN_13'),
(70, '1000350003088', 'EAN_13'),
(71, '1000330002759', 'EAN_13'),
(72, '1000400003761', 'EAN_13'),
(73, '1000400003877', 'EAN_13'),
(74, '1000400003846', 'EAN_13'),
(75, '1000400003815', 'EAN_13'),
(76, '1000420004076', 'EAN_13'),
(77, '1000320002691', 'EAN_13'),
(78, '1000330002766', 'EAN_13'),
(79, '1000320002646', 'EAN_13'),
(80, '1000320002677', 'EAN_13'),
(81, '1000320002707', 'EAN_13'),
(82, '1000360003214', 'EAN_13'),
(83, '1000350003101', 'EAN_13'),
(84, '1000350003095', 'EAN_13'),
(85, '1000320002677', 'EAN_13'),
(86, '1000320002707', 'EAN_13'),
(87, '1000320002653', 'EAN_13'),
(88, '1000330004333', 'EAN_13'),
(89, '1000300004325', 'EAN_13'),
(90, '1000290002127', 'EAN_13'),
(91, '1000290002189', 'EAN_13'),
(92, '1000290002189', 'EAN_13'),
(93, '1000290002189', 'EAN_13'),
(94, '1000290002189', 'EAN_13'),
(95, '1000290002158', 'EAN_13'),
(96, '1000350003026', 'EAN_13'),
(97, '1000340002992', 'EAN_13'),
(98, '1000350003026', 'EAN_13'),
(99, '1000340002985', 'EAN_13'),
(100, '1000350003019', 'EAN_13'),
(101, '1000340002992', 'EAN_13'),
(102, '1000350003026', 'EAN_13'),
(103, '1000360003177', 'EAN_13'),
(104, '1000380003560', 'EAN_13'),
(105, '1000290002110', 'EAN_13'),
(106, '1000290002110', 'EAN_13'),
(107, '1000290002110', 'EAN_13'),
(108, '1000290002110', 'EAN_13'),
(109, '1000290002110', 'EAN_13'),
(110, '1000290002110', 'EAN_13'),
(111, '1000290002110', 'EAN_13'),
(112, '1000290002110', 'EAN_13'),
(113, '1000290002110', 'EAN_13'),
(114, '1000290002110', 'EAN_13'),
(115, '1000290002110', 'EAN_13'),
(116, '1000290002110', 'EAN_13'),
(117, '1000310002458', 'EAN_13'),
(118, '1000310002410', 'EAN_13'),
(119, '1000310002410', 'EAN_13'),
(120, '1000310002410', 'EAN_13'),
(121, '1000290002110', 'EAN_13'),
(122, '1000290002110', 'EAN_13'),
(123, '1000290002110', 'EAN_13'),
(124, '1000290002110', 'EAN_13'),
(125, '1000290002110', 'EAN_13'),
(126, '1000290002110', 'EAN_13'),
(127, '1000290002110', 'EAN_13'),
(128, '1000290002110', 'EAN_13'),
(129, '1000290002110', 'EAN_13'),
(130, '1000290002110', 'EAN_13'),
(131, '1000290002110', 'EAN_13'),
(132, '1000290002110', 'EAN_13'),
(133, '1000290002110', 'EAN_13'),
(134, '1000290002110', 'EAN_13'),
(135, '1000290002110', 'EAN_13'),
(136, '1000290002127', 'EAN_13'),
(137, '1000290002127', 'EAN_13'),
(138, '1000290002127', 'EAN_13'),
(139, '1000290002127', 'EAN_13'),
(140, '1000290002127', 'EAN_13'),
(141, '1000290002127', 'EAN_13');

-- --------------------------------------------------------

--
-- Table structure for table `vl_session_cookies`
--

CREATE TABLE `vl_session_cookies` (
  `id` int(11) NOT NULL,
  `user_id` int(11) DEFAULT NULL,
  `expiry` datetime DEFAULT NULL,
  `token` varchar(32) DEFAULT NULL
) ENGINE=InnoDB DEFAULT CHARSET=utf8mb4 COLLATE=utf8mb4_general_ci;

--
-- Dumping data for table `vl_session_cookies`
--

INSERT INTO `vl_session_cookies` (`id`, `user_id`, `expiry`, `token`) VALUES
(47, 6, '2024-02-23 21:48:33', '794c16fe8e150947110962ea10ad6861'),
(48, 10, '2023-08-16 12:06:03', '5e5e613f47a34f1c317382b32ad0a5eb'),
(49, 13, '2023-08-04 16:53:30', '53682bf9cb21f0c71159cc20c7d2b829'),
(50, 9, '2023-08-03 10:59:49', '1fc16ee27955cd66ea2cb93e216167e9'),
(51, 14, '2023-11-20 20:37:45', '71ee547924939be49f97455fc6496cfb'),
(52, 16, '2023-08-04 10:07:15', '986b84c022385c2aa0249650932b81b4'),
(53, 18, '2023-08-05 14:38:29', '8a5e45e7b996307a089dabfcf52f3e72'),
(54, 24, '2023-12-24 20:27:29', '9d1d6259a0ea50fe50917e25abfada1f'),
(55, 25, '2023-12-09 12:38:48', '2abcd0f67152d1c533e9744e7971c94c'),
(56, 26, '2024-01-29 10:14:27', '0e7ac9dae4cf06a0263b5c712e7e4b2e'),
(57, 34, '2023-12-24 18:11:17', 'f642d1e8c37e458e2044bce0d18762c7'),
(58, 2, '2024-01-02 22:46:32', '662850a1cd69e292f2f538a61e92a154'),
(59, 3, '2024-02-22 06:09:27', '40e6d3cda31960990f9bd21f0476be54');

-- --------------------------------------------------------

--
-- Table structure for table `vl_stanje`
--

CREATE TABLE `vl_stanje` (
  `id` int(11) NOT NULL,
  `proizvod_id` int(11) NOT NULL,
  `ucionica_id` int(11) NOT NULL,
  `kolicina` int(11) NOT NULL,
  `otpisano` bit(1) NOT NULL DEFAULT b'0'
) ENGINE=InnoDB DEFAULT CHARSET=utf8mb4 COLLATE=utf8mb4_general_ci;

--
-- Dumping data for table `vl_stanje`
--

INSERT INTO `vl_stanje` (`id`, `proizvod_id`, `ucionica_id`, `kolicina`, `otpisano`) VALUES
(1, 211, 8, 16, b'0'),
(2, 212, 7, 7, b'0'),
(3, 213, 4, 1, b'0'),
(4, 214, 3, 5, b'0'),
(5, 215, 4, 11, b'0'),
(6, 216, 26, 17, b'1'),
(7, 217, 4, 29, b'0'),
(8, 218, 26, 19, b'0'),
(9, 219, 4, 26, b'0'),
(10, 220, 10, 24, b'0'),
(11, 221, 9, 30, b'0'),
(12, 222, 29, 28, b'1'),
(13, 223, 7, 3, b'0'),
(14, 224, 5, 1, b'0'),
(15, 225, 4, 17, b'0'),
(16, 226, 28, 20, b'0'),
(17, 227, 4, 22, b'0'),
(18, 228, 28, 25, b'0'),
(19, 229, 4, 11, b'0'),
(20, 230, 28, 23, b'0'),
(21, 231, 26, 27, b'0'),
(22, 232, 28, 11, b'1'),
(23, 233, 1, 1, b'0'),
(24, 234, 2, 22, b'0'),
(25, 235, 5, 15, b'0'),
(26, 236, 8, 30, b'0'),
(27, 237, 4, 7, b'0'),
(28, 238, 9, 5, b'0'),
(29, 239, 5, 9, b'0'),
(30, 240, 10, 25, b'0'),
(31, 241, 1, 2, b'0'),
(32, 242, 9, 17, b'0'),
(33, 243, 7, 2, b'0'),
(34, 244, 1, 12, b'0'),
(35, 245, 8, 1, b'0'),
(36, 246, 5, 6, b'0'),
(37, 247, 10, 4, b'0'),
(38, 248, 9, 6, b'0'),
(39, 249, 8, 17, b'0'),
(40, 250, 3, 2, b'0'),
(41, 251, 3, 21, b'0'),
(42, 252, 7, 1, b'0'),
(43, 253, 1, 12, b'0'),
(44, 254, 26, 17, b'0'),
(45, 255, 6, 8, b'0'),
(46, 256, 3, 16, b'0'),
(47, 257, 4, 13, b'0'),
(48, 258, 2, 4, b'0'),
(49, 259, 29, 24, b'0'),
(50, 260, 1, 15, b'0'),
(51, 261, 28, 13, b'0'),
(52, 262, 28, 30, b'0'),
(53, 263, 8, 23, b'0'),
(54, 264, 29, 25, b'0'),
(55, 265, 8, 23, b'0'),
(56, 266, 1, 1, b'0'),
(57, 267, 10, 12, b'0'),
(58, 268, 6, 21, b'0'),
(59, 269, 10, 15, b'0'),
(60, 270, 9, 23, b'0'),
(61, 271, 4, 15, b'0'),
(62, 272, 2, 9, b'0'),
(63, 273, 28, 26, b'0'),
(64, 274, 1, 19, b'0'),
(65, 275, 3, 29, b'0'),
(66, 276, 1, 20, b'0'),
(67, 277, 9, 19, b'0'),
(68, 278, 10, 8, b'0'),
(69, 279, 28, 29, b'0'),
(70, 280, 26, 29, b'0'),
(71, 281, 28, 4, b'0'),
(72, 282, 28, 30, b'0'),
(73, 283, 3, 22, b'0'),
(74, 284, 7, 7, b'0'),
(75, 285, 6, 12, b'0'),
(76, 286, 6, 20, b'0'),
(77, 287, 2, 18, b'0'),
(78, 288, 2, 25, b'0'),
(79, 289, 2, 12, b'0'),
(80, 290, 2, 28, b'0'),
(81, 291, 6, 13, b'0'),
(82, 292, 10, 10, b'0'),
(83, 293, 26, 26, b'0'),
(84, 294, 5, 18, b'0'),
(85, 295, 4, 22, b'0'),
(86, 296, 1, 13, b'0'),
(87, 297, 7, 7, b'0'),
(88, 298, 5, 13, b'0'),
(89, 299, 2, 6, b'0'),
(90, 300, 9, 1, b'0'),
(91, 301, 28, 25, b'0'),
(92, 302, 9, 30, b'0'),
(93, 303, 29, 14, b'0'),
(94, 304, 29, 12, b'0'),
(95, 305, 2, 22, b'0'),
(96, 306, 9, 3, b'0'),
(97, 307, 9, 18, b'0'),
(98, 308, 2, 3, b'0'),
(99, 309, 26, 2, b'0'),
(100, 310, 10, 14, b'0'),
(101, 311, 4, 13, b'0'),
(102, 312, 28, 17, b'0'),
(103, 313, 5, 7, b'0'),
(104, 314, 6, 14, b'0'),
(105, 315, 5, 27, b'0'),
(106, 316, 6, 18, b'0'),
(107, 317, 4, 8, b'0'),
(108, 318, 1, 13, b'0'),
(109, 319, 4, 14, b'0'),
(110, 320, 5, 22, b'0'),
(111, 321, 2, 28, b'0'),
(112, 322, 4, 13, b'0'),
(113, 323, 3, 4, b'0'),
(114, 324, 4, 21, b'0'),
(115, 325, 4, 18, b'0'),
(116, 326, 9, 14, b'0'),
(117, 327, 10, 28, b'0'),
(118, 328, 4, 8, b'0'),
(119, 329, 10, 9, b'0'),
(120, 330, 29, 20, b'0'),
(121, 331, 10, 21, b'0'),
(122, 332, 7, 1, b'0'),
(123, 333, 1, 6, b'0'),
(124, 334, 9, 3, b'0'),
(125, 335, 10, 13, b'0'),
(126, 336, 5, 26, b'0'),
(127, 337, 9, 26, b'0'),
(128, 338, 26, 10, b'0'),
(129, 339, 8, 21, b'0'),
(130, 340, 8, 13, b'0'),
(131, 341, 1, 20, b'0'),
(132, 342, 4, 5, b'0'),
(133, 343, 9, 1, b'0'),
(134, 344, 7, 18, b'0'),
(135, 345, 29, 4, b'0'),
(136, 346, 28, 9, b'0'),
(137, 347, 9, 7, b'0'),
(138, 348, 6, 12, b'0'),
(139, 349, 5, 28, b'0'),
(140, 350, 7, 19, b'0'),
(141, 351, 9, 14, b'0'),
(142, 352, 2, 24, b'0'),
(143, 353, 7, 22, b'0'),
(144, 354, 8, 27, b'0'),
(145, 355, 29, 10, b'0'),
(146, 356, 9, 24, b'0'),
(147, 357, 7, 17, b'0'),
(148, 358, 10, 4, b'0'),
(149, 359, 1, 1, b'0'),
(150, 360, 26, 14, b'0'),
(151, 361, 1, 3, b'0'),
(152, 362, 4, 27, b'0'),
(153, 363, 4, 6, b'0'),
(154, 364, 3, 25, b'0'),
(155, 365, 5, 4, b'0'),
(156, 366, 9, 1, b'0'),
(157, 367, 28, 6, b'0'),
(158, 368, 4, 1, b'0'),
(159, 369, 28, 26, b'0'),
(160, 370, 3, 23, b'0'),
(161, 371, 1, 21, b'0'),
(162, 372, 4, 18, b'0'),
(163, 373, 3, 15, b'0'),
(164, 374, 7, 14, b'0'),
(165, 375, 6, 7, b'0'),
(166, 376, 2, 22, b'0'),
(167, 377, 6, 17, b'0'),
(168, 378, 28, 29, b'0'),
(169, 379, 28, 28, b'0'),
(170, 380, 4, 9, b'0'),
(171, 381, 7, 26, b'0'),
(172, 382, 9, 17, b'0'),
(173, 383, 9, 11, b'0'),
(174, 384, 7, 17, b'0'),
(175, 385, 4, 3, b'0'),
(176, 386, 26, 17, b'0'),
(177, 387, 2, 14, b'0'),
(178, 388, 2, 13, b'0'),
(179, 389, 2, 3, b'0'),
(180, 390, 28, 25, b'0'),
(181, 391, 8, 13, b'0'),
(182, 392, 4, 8, b'0'),
(183, 393, 7, 18, b'0'),
(184, 394, 7, 3, b'0'),
(185, 395, 26, 3, b'0'),
(186, 396, 3, 22, b'0'),
(187, 397, 6, 8, b'0'),
(188, 398, 4, 2, b'0'),
(189, 399, 10, 18, b'0'),
(190, 400, 2, 8, b'0'),
(191, 401, 3, 26, b'0'),
(192, 402, 28, 18, b'0'),
(193, 403, 1, 1, b'0'),
(194, 404, 4, 27, b'0'),
(195, 405, 2, 17, b'0'),
(196, 406, 29, 14, b'0'),
(197, 407, 2, 5, b'0'),
(198, 408, 26, 20, b'0'),
(199, 409, 6, 21, b'0'),
(200, 410, 6, 3, b'0'),
(201, 411, 1, 3, b'0'),
(202, 412, 8, 24, b'0'),
(203, 413, 26, 8, b'0'),
(204, 414, 1, 20, b'0'),
(205, 415, 8, 17, b'0'),
(206, 416, 3, 16, b'0'),
(207, 417, 7, 4, b'0'),
(208, 418, 5, 5, b'0'),
(209, 419, 6, 19, b'0'),
(210, 420, 9, 3, b'0'),
(211, 421, 4, 9, b'0'),
(212, 422, 6, 10, b'0'),
(213, 423, 10, 30, b'0'),
(214, 424, 28, 26, b'0'),
(215, 425, 9, 12, b'0'),
(216, 426, 1, 19, b'0'),
(217, 427, 4, 18, b'0'),
(218, 428, 26, 18, b'0'),
(219, 429, 1, 11, b'0'),
(220, 430, 6, 15, b'0'),
(221, 431, 6, 27, b'0'),
(222, 432, 10, 14, b'0'),
(223, 433, 2, 28, b'0'),
(224, 434, 8, 2, b'0'),
(225, 435, 26, 29, b'0'),
(226, 436, 5, 15, b'0'),
(227, 437, 1, 14, b'0'),
(228, 438, 3, 3, b'0'),
(229, 439, 6, 12, b'0'),
(230, 440, 4, 1, b'0'),
(231, 441, 4, 1, b'0'),
(232, 442, 4, 1, b'0'),
(233, 443, 4, 1, b'0'),
(234, 444, 4, 1, b'0'),
(235, 445, 9, 1, b'0'),
(236, 446, 4, 1, b'0'),
(237, 447, 5, 1, b'0'),
(238, 448, 7, 1, b'0'),
(239, 211, 10, 1, b'0'),
(240, 214, 8, 1, b'0'),
(241, 211, 5, 1, b'0'),
(242, 211, 6, 1, b'0'),
(243, 211, 7, 8, b'0'),
(244, 211, 2, 1, b'0');

-- --------------------------------------------------------

--
-- Table structure for table `vl_tipovi_proizvoda`
--

CREATE TABLE `vl_tipovi_proizvoda` (
  `id` int(3) NOT NULL,
  `tip` varchar(64) DEFAULT NULL
) ENGINE=InnoDB DEFAULT CHARSET=utf8mb4 COLLATE=utf8mb4_general_ci;

--
-- Dumping data for table `vl_tipovi_proizvoda`
--

INSERT INTO `vl_tipovi_proizvoda` (`id`, `tip`) VALUES
(29, 'stolac'),
(30, 'laptop'),
(31, 'monitor'),
(32, 'tipkovnica'),
(33, 'mi'),
(34, 'raunalo'),
(35, 'projektor'),
(36, 'HDMI kabel'),
(37, 'pisa'),
(38, 'skener'),
(39, 'slualice'),
(40, 'podloga za mi'),
(41, 'stol'),
(42, 'web kamera'),
(43, 'napajanje'),
(44, 'slika'),
(45, 'ploa');

-- --------------------------------------------------------

--
-- Table structure for table `vl_ucionice`
--

CREATE TABLE `vl_ucionice` (
  `id` int(11) NOT NULL,
  `oznaka` varchar(4) DEFAULT NULL,
  `opis` varchar(255) DEFAULT 'Nema opisa',
  `barkod` varchar(13) NOT NULL
) ENGINE=InnoDB DEFAULT CHARSET=utf8mb4 COLLATE=utf8mb4_general_ci;

--
-- Dumping data for table `vl_ucionice`
--

INSERT INTO `vl_ucionice` (`id`, `oznaka`, `opis`, `barkod`) VALUES
(1, 'P0', 'test ucionica', '2000000000015'),
(2, 'P1', 'Nema opisa', '2000000000022'),
(3, 'P2', 'Labos', '2000000000039'),
(4, 'P3', 'Nema opisa', '2000000000046'),
(5, 'P4', 'Nema opisa', '2000000000053'),
(6, 'P5', 'p5 ima opis', '2000000000060'),
(7, 'P6', 'Nema opisa', '2000000000077'),
(8, 'P7', 'Nema opisa', '2000000000084'),
(9, '16', 'Matematika', '2000000000091'),
(10, '32', 'Informatika', '2000000000107'),
(26, '38', 'neki opis', '2000000000268'),
(28, '11', 'kemija', '2000000000282'),
(29, '22', 'Ravnatelj', '2000000000299');

-- --------------------------------------------------------

--
-- Table structure for table `vl_users`
--

CREATE TABLE `vl_users` (
  `id` int(11) NOT NULL,
  `ime` varchar(32) NOT NULL,
  `prezime` varchar(32) NOT NULL,
  `username` varchar(30) DEFAULT NULL,
  `email` varchar(100) DEFAULT NULL,
  `password` varchar(255) DEFAULT NULL,
  `role` varchar(32) NOT NULL,
  `datum_registracije` datetime NOT NULL DEFAULT current_timestamp()
) ENGINE=InnoDB DEFAULT CHARSET=utf8mb4 COLLATE=utf8mb4_general_ci;

--
-- Dumping data for table `vl_users`
--

INSERT INTO `vl_users` (`id`, `ime`, `prezime`, `username`, `email`, `password`, `role`, `datum_registracije`) VALUES
(1, 'Prvi', 'User', 'vito1', 'vito@email.com', 'list', 'user', '2023-12-23 14:46:36'),
(2, 'Sara', 'Dunjko', 'sara', 'sara@email.com', '5bd537fc3789b5482e4936968f0fde95', 'user', '2023-12-23 14:46:36'),
(3, 'Frano', 'List', 'frano', 'frano@email.com', '714a9186eaf319b527d387e8fd606485', 'user', '2023-12-23 14:46:36'),
(6, 'Vito', 'List', 'vito', 'vito.list2005@gmail.com', '1a191e3d2dd0011568e30e898b81bab6', 'admin', '2023-12-23 14:46:36'),
(24, 'Micko', 'Mali', 'micko', 'micko', '1a191e3d2dd0011568e30e898b81bab6', 'user', '2023-12-23 14:46:36'),
(26, 'Mirko', 'Jambroi', 'mirko', 'mirko.jambrosic@skole.hr', '13592f2caf86af30572a825229a2a8dc', 'admin', '2023-12-23 14:46:36'),
(33, 'Test', 'Test', 'test', 'testing@inventura.hr', '098f6bcd4621d373cade4e832627b4f6', 'user', '2023-12-23 14:46:36');

--
-- Indexes for dumped tables
--

--
-- Indexes for table `vl_barkodovi`
--
ALTER TABLE `vl_barkodovi`
  ADD PRIMARY KEY (`id`);

--
-- Indexes for table `vl_evidencija`
--
ALTER TABLE `vl_evidencija`
  ADD PRIMARY KEY (`id`);

--
-- Indexes for table `vl_inventura`
--
ALTER TABLE `vl_inventura`
  ADD PRIMARY KEY (`id`);

--
-- Indexes for table `vl_invite_codes`
--
ALTER TABLE `vl_invite_codes`
  ADD PRIMARY KEY (`id`);

--
-- Indexes for table `vl_mysql_errors`
--
ALTER TABLE `vl_mysql_errors`
  ADD PRIMARY KEY (`id`);

--
-- Indexes for table `vl_otpisano`
--
ALTER TABLE `vl_otpisano`
  ADD PRIMARY KEY (`id`);

--
-- Indexes for table `vl_pozvani`
--
ALTER TABLE `vl_pozvani`
  ADD PRIMARY KEY (`id`);

--
-- Indexes for table `vl_proizvodi`
--
ALTER TABLE `vl_proizvodi`
  ADD PRIMARY KEY (`id`);

--
-- Indexes for table `vl_scan`
--
ALTER TABLE `vl_scan`
  ADD PRIMARY KEY (`id`);

--
-- Indexes for table `vl_session_cookies`
--
ALTER TABLE `vl_session_cookies`
  ADD PRIMARY KEY (`id`);

--
-- Indexes for table `vl_stanje`
--
ALTER TABLE `vl_stanje`
  ADD PRIMARY KEY (`id`);

--
-- Indexes for table `vl_tipovi_proizvoda`
--
ALTER TABLE `vl_tipovi_proizvoda`
  ADD PRIMARY KEY (`id`);

--
-- Indexes for table `vl_ucionice`
--
ALTER TABLE `vl_ucionice`
  ADD PRIMARY KEY (`id`);

--
-- Indexes for table `vl_users`
--
ALTER TABLE `vl_users`
  ADD PRIMARY KEY (`id`);

--
-- AUTO_INCREMENT for dumped tables
--

--
-- AUTO_INCREMENT for table `vl_barkodovi`
--
ALTER TABLE `vl_barkodovi`
  MODIFY `id` int(11) NOT NULL AUTO_INCREMENT, AUTO_INCREMENT=239;

--
-- AUTO_INCREMENT for table `vl_evidencija`
--
ALTER TABLE `vl_evidencija`
  MODIFY `id` int(11) NOT NULL AUTO_INCREMENT, AUTO_INCREMENT=1740;

--
-- AUTO_INCREMENT for table `vl_inventura`
--
ALTER TABLE `vl_inventura`
  MODIFY `id` int(11) NOT NULL AUTO_INCREMENT, AUTO_INCREMENT=33;

--
-- AUTO_INCREMENT for table `vl_invite_codes`
--
ALTER TABLE `vl_invite_codes`
  MODIFY `id` int(11) NOT NULL AUTO_INCREMENT, AUTO_INCREMENT=14;

--
-- AUTO_INCREMENT for table `vl_mysql_errors`
--
ALTER TABLE `vl_mysql_errors`
  MODIFY `id` int(11) NOT NULL AUTO_INCREMENT, AUTO_INCREMENT=6785;

--
-- AUTO_INCREMENT for table `vl_otpisano`
--
ALTER TABLE `vl_otpisano`
  MODIFY `id` int(11) NOT NULL AUTO_INCREMENT;

--
-- AUTO_INCREMENT for table `vl_pozvani`
--
ALTER TABLE `vl_pozvani`
  MODIFY `id` int(11) NOT NULL AUTO_INCREMENT, AUTO_INCREMENT=4;

--
-- AUTO_INCREMENT for table `vl_proizvodi`
--
ALTER TABLE `vl_proizvodi`
  MODIFY `id` int(11) NOT NULL AUTO_INCREMENT, AUTO_INCREMENT=449;

--
-- AUTO_INCREMENT for table `vl_scan`
--
ALTER TABLE `vl_scan`
  MODIFY `id` int(11) NOT NULL AUTO_INCREMENT, AUTO_INCREMENT=142;

--
-- AUTO_INCREMENT for table `vl_session_cookies`
--
ALTER TABLE `vl_session_cookies`
  MODIFY `id` int(11) NOT NULL AUTO_INCREMENT, AUTO_INCREMENT=60;

--
-- AUTO_INCREMENT for table `vl_stanje`
--
ALTER TABLE `vl_stanje`
  MODIFY `id` int(11) NOT NULL AUTO_INCREMENT, AUTO_INCREMENT=245;

--
-- AUTO_INCREMENT for table `vl_tipovi_proizvoda`
--
ALTER TABLE `vl_tipovi_proizvoda`
  MODIFY `id` int(3) NOT NULL AUTO_INCREMENT, AUTO_INCREMENT=46;

--
-- AUTO_INCREMENT for table `vl_ucionice`
--
ALTER TABLE `vl_ucionice`
  MODIFY `id` int(11) NOT NULL AUTO_INCREMENT, AUTO_INCREMENT=34;

--
-- AUTO_INCREMENT for table `vl_users`
--
ALTER TABLE `vl_users`
  MODIFY `id` int(11) NOT NULL AUTO_INCREMENT, AUTO_INCREMENT=35;
COMMIT;

/*!40101 SET CHARACTER_SET_CLIENT=@OLD_CHARACTER_SET_CLIENT */;
/*!40101 SET CHARACTER_SET_RESULTS=@OLD_CHARACTER_SET_RESULTS */;
/*!40101 SET COLLATION_CONNECTION=@OLD_COLLATION_CONNECTION */;
