-- phpMyAdmin SQL Dump
-- version 5.2.0
-- https://www.phpmyadmin.net/
--
-- Host: 127.0.0.1
-- Generation Time: Jan 18, 2024 at 11:04 PM
-- Server version: 10.4.27-MariaDB
-- PHP Version: 8.1.12

SET SQL_MODE = "NO_AUTO_VALUE_ON_ZERO";
START TRANSACTION;
SET time_zone = "+00:00";


/*!40101 SET @OLD_CHARACTER_SET_CLIENT=@@CHARACTER_SET_CLIENT */;
/*!40101 SET @OLD_CHARACTER_SET_RESULTS=@@CHARACTER_SET_RESULTS */;
/*!40101 SET @OLD_COLLATION_CONNECTION=@@COLLATION_CONNECTION */;
/*!40101 SET NAMES utf8mb4 */;

--
-- Database: `inventura`
--

-- --------------------------------------------------------

--
-- Table structure for table `vl_barkodovi`
--

CREATE TABLE `vl_barkodovi` (
  `id` int(11) NOT NULL,
  `proizvod_id` int(11) NOT NULL,
  `barkod` varchar(13) NOT NULL
) ENGINE=InnoDB DEFAULT CHARSET=utf8mb4 COLLATE=utf8mb4_general_ci;

--
-- Dumping data for table `vl_barkodovi`
--

INSERT INTO `vl_barkodovi` (`id`, `proizvod_id`, `barkod`) VALUES
(1, 211, '1000290002110'),
(2, 212, '1000290002127'),
(3, 213, '1000290002134'),
(4, 214, '1000290002141'),
(5, 215, '1000290002158'),
(6, 216, '1000290002165'),
(7, 217, '1000290002172'),
(8, 218, '1000290002189'),
(9, 219, '1000290002196'),
(10, 220, '1000290002202'),
(11, 221, '1000290002219'),
(12, 222, '1000290002226'),
(13, 223, '1000290002233'),
(14, 224, '1000290002240'),
(15, 225, '1000290002257'),
(16, 226, '1000300002260'),
(17, 227, '1000300002277'),
(18, 228, '1000300002284'),
(19, 229, '1000300002291'),
(20, 230, '1000300002307'),
(21, 231, '1000300002314'),
(22, 232, '1000300002321'),
(23, 233, '1000300002338'),
(24, 234, '1000300002345'),
(25, 235, '1000300002352'),
(26, 236, '1000300002369'),
(27, 237, '1000300002376'),
(28, 238, '1000300002383'),
(29, 239, '1000300002390'),
(30, 240, '1000300002406'),
(31, 241, '1000310002410'),
(32, 242, '1000310002427'),
(33, 243, '1000310002434'),
(34, 244, '1000310002441'),
(35, 245, '1000310002458'),
(36, 246, '1000310002465'),
(37, 247, '1000310002472'),
(38, 248, '1000310002489'),
(39, 249, '1000310002496'),
(40, 250, '1000310002502'),
(41, 251, '1000310002519'),
(42, 252, '1000310002526'),
(43, 253, '1000310002533'),
(44, 254, '1000310002540'),
(45, 255, '1000310002557'),
(46, 256, '1000320002561'),
(47, 257, '1000320002578'),
(48, 258, '1000320002585'),
(49, 259, '1000320002592'),
(50, 260, '1000320002608'),
(51, 261, '1000320002615'),
(52, 262, '1000320002622'),
(53, 263, '1000320002639'),
(54, 264, '1000320002646'),
(55, 265, '1000320002653'),
(56, 266, '1000320002660'),
(57, 267, '1000320002677'),
(58, 268, '1000320002684'),
(59, 269, '1000320002691'),
(60, 270, '1000320002707'),
(61, 271, '1000330002711'),
(62, 272, '1000330002728'),
(63, 273, '1000330002735'),
(64, 274, '1000330002742'),
(65, 275, '1000330002759'),
(66, 276, '1000330002766'),
(67, 277, '1000330002773'),
(68, 278, '1000330002780'),
(69, 279, '1000330002797'),
(70, 280, '1000330002803'),
(71, 281, '1000330002810'),
(72, 282, '1000330002827'),
(73, 283, '1000330002834'),
(74, 284, '1000330002841'),
(75, 285, '1000330002858'),
(76, 286, '1000340002862'),
(77, 287, '1000340002879'),
(78, 288, '1000340002886'),
(79, 289, '1000340002893'),
(80, 290, '1000340002909'),
(81, 291, '1000340002916'),
(82, 292, '1000340002923'),
(83, 293, '1000340002930'),
(84, 294, '1000340002947'),
(85, 295, '1000340002954'),
(86, 296, '1000340002961'),
(87, 297, '1000340002978'),
(88, 298, '1000340002985'),
(89, 299, '1000340002992'),
(90, 300, '1000340003005'),
(91, 301, '1000350003019'),
(92, 302, '1000350003026'),
(93, 303, '1000350003033'),
(94, 304, '1000350003040'),
(95, 305, '1000350003057'),
(96, 306, '1000350003064'),
(97, 307, '1000350003071'),
(98, 308, '1000350003088'),
(99, 309, '1000350003095'),
(100, 310, '1000350003101'),
(101, 311, '1000350003118'),
(102, 312, '1000350003125'),
(103, 313, '1000350003132'),
(104, 314, '1000350003149'),
(105, 315, '1000350003156'),
(106, 316, '1000360003160'),
(107, 317, '1000360003177'),
(108, 318, '1000360003184'),
(109, 319, '1000360003191'),
(110, 320, '1000360003207'),
(111, 321, '1000360003214'),
(112, 322, '1000360003221'),
(113, 323, '1000360003238'),
(114, 324, '1000360003245'),
(115, 325, '1000360003252'),
(116, 326, '1000360003269'),
(117, 327, '1000360003276'),
(118, 328, '1000360003283'),
(119, 329, '1000360003290'),
(120, 330, '1000360003306'),
(121, 331, '1000370003310'),
(122, 332, '1000370003327'),
(123, 333, '1000370003334'),
(124, 334, '1000370003341'),
(125, 335, '1000370003358'),
(126, 336, '1000370003365'),
(127, 337, '1000370003372'),
(128, 338, '1000370003389'),
(129, 339, '1000370003396'),
(130, 340, '1000370003402'),
(131, 341, '1000370003419'),
(132, 342, '1000370003426'),
(133, 343, '1000370003433'),
(134, 344, '1000370003440'),
(135, 345, '1000370003457'),
(136, 346, '1000380003461'),
(137, 347, '1000380003478'),
(138, 348, '1000380003485'),
(139, 349, '1000380003492'),
(140, 350, '1000380003508'),
(141, 351, '1000380003515'),
(142, 352, '1000380003522'),
(143, 353, '1000380003539'),
(144, 354, '1000380003546'),
(145, 355, '1000380003553'),
(146, 356, '1000380003560'),
(147, 357, '1000380003577'),
(148, 358, '1000380003584'),
(149, 359, '1000380003591'),
(150, 360, '1000380003607'),
(151, 361, '1000390003611'),
(152, 362, '1000390003628'),
(153, 363, '1000390003635'),
(154, 364, '1000390003642'),
(155, 365, '1000390003659'),
(156, 366, '1000390003666'),
(157, 367, '1000390003673'),
(158, 368, '1000390003680'),
(159, 369, '1000390003697'),
(160, 370, '1000390003703'),
(161, 371, '1000390003710'),
(162, 372, '1000390003727'),
(163, 373, '1000390003734'),
(164, 374, '1000390003741'),
(165, 375, '1000390003758'),
(166, 376, '1000400003761'),
(167, 377, '1000400003778'),
(168, 378, '1000400003785'),
(169, 379, '1000400003792'),
(170, 380, '1000400003808'),
(171, 381, '1000400003815'),
(172, 382, '1000400003822'),
(173, 383, '1000400003839'),
(174, 384, '1000400003846'),
(175, 385, '1000400003853'),
(176, 386, '1000400003860'),
(177, 387, '1000400003877'),
(178, 388, '1000400003884'),
(179, 389, '1000400003891'),
(180, 390, '1000400003907'),
(181, 391, '1000410003911'),
(182, 392, '1000410003928'),
(183, 393, '1000410003935'),
(184, 394, '1000410003942'),
(185, 395, '1000410003959'),
(186, 396, '1000410003966'),
(187, 397, '1000410003973'),
(188, 398, '1000410003980'),
(189, 399, '1000410003997'),
(190, 400, '1000410004000'),
(191, 401, '1000410004017'),
(192, 402, '1000410004024'),
(193, 403, '1000410004031'),
(194, 404, '1000410004048'),
(195, 405, '1000410004055'),
(196, 406, '1000420004069'),
(197, 407, '1000420004076'),
(198, 408, '1000420004083'),
(199, 409, '1000420004090'),
(200, 410, '1000420004106'),
(201, 411, '1000420004113'),
(202, 412, '1000420004120'),
(203, 413, '1000420004137'),
(204, 414, '1000420004144'),
(205, 415, '1000420004151'),
(206, 416, '1000420004168'),
(207, 417, '1000420004175'),
(208, 418, '1000420004182'),
(209, 419, '1000420004199'),
(210, 420, '1000420004205'),
(211, 421, '1000330004210'),
(212, 422, '1000300004226'),
(213, 423, '1000290004237'),
(214, 424, '1000360004242'),
(215, 425, '1000310004254'),
(216, 426, '1000320004268'),
(217, 427, '1000320004275'),
(218, 428, '1000330004289'),
(219, 429, '1000320004299'),
(220, 430, '1000310004308'),
(221, 431, '1000340004316'),
(222, 432, '1000300004325'),
(223, 433, '1000330004333'),
(224, 434, '1000330004340'),
(225, 435, '1000330004357'),
(226, 436, '1000330004364'),
(227, 437, '1000330004371'),
(228, 438, '1000330004388'),
(229, 439, '1000330004395');

-- --------------------------------------------------------

--
-- Table structure for table `vl_evidencija`
--

CREATE TABLE `vl_evidencija` (
  `id` int(11) NOT NULL,
  `proizvod_id` int(11) DEFAULT NULL,
  `ucionica_id` int(11) DEFAULT NULL,
  `kolicina` int(11) NOT NULL DEFAULT 1,
  `datum` date DEFAULT NULL,
  `vrijeme` time DEFAULT NULL,
  `user_id` int(11) NOT NULL,
  `inventura_id` int(11) NOT NULL,
  `prihvaceno` bit(1) NOT NULL DEFAULT b'0',
  `aktivno` bit(1) NOT NULL DEFAULT b'1'
) ENGINE=InnoDB DEFAULT CHARSET=utf8mb4 COLLATE=utf8mb4_general_ci;

--
-- Dumping data for table `vl_evidencija`
--

INSERT INTO `vl_evidencija` (`id`, `proizvod_id`, `ucionica_id`, `kolicina`, `datum`, `vrijeme`, `user_id`, `inventura_id`, `prihvaceno`, `aktivno`) VALUES
(1349, 254, 8, 1, '2024-01-13', '14:30:04', 26, 32, b'0', b'0'),
(1350, 419, 3, 1, '2024-01-13', '15:47:30', 24, 32, b'0', b'0'),
(1351, 225, 4, 1, '2024-01-13', '14:29:10', 26, 32, b'0', b'0'),
(1352, 302, 1, 1, '2024-01-13', '13:58:31', 2, 32, b'0', b'1'),
(1353, 317, 3, 1, '2024-01-13', '15:24:55', 26, 32, b'0', b'1'),
(1354, 345, 1, 1, '2024-01-13', '15:32:08', 24, 32, b'0', b'1'),
(1355, 384, 1, 1, '2024-01-13', '14:14:12', 3, 32, b'0', b'1'),
(1356, 382, 8, 1, '2024-01-13', '14:08:40', 6, 32, b'0', b'1'),
(1357, 288, 8, 1, '2024-01-13', '15:07:28', 24, 32, b'0', b'1'),
(1358, 290, 2, 1, '2024-01-13', '15:18:21', 3, 32, b'0', b'1'),
(1359, 246, 2, 1, '2024-01-13', '14:38:54', 6, 32, b'0', b'1'),
(1360, 276, 2, 1, '2024-01-13', '15:13:26', 3, 32, b'0', b'1'),
(1361, 321, 10, 1, '2024-01-13', '15:26:51', 24, 32, b'0', b'1'),
(1362, 303, 6, 1, '2024-01-13', '14:15:41', 26, 32, b'0', b'1'),
(1363, 415, 1, 1, '2024-01-13', '14:25:30', 2, 32, b'0', b'1'),
(1364, 360, 5, 1, '2024-01-13', '14:42:41', 2, 32, b'0', b'1'),
(1365, 372, 5, 1, '2024-01-13', '14:59:53', 24, 32, b'0', b'1'),
(1366, 337, 7, 1, '2024-01-13', '14:47:29', 24, 32, b'0', b'1'),
(1367, 334, 4, 1, '2024-01-13', '14:11:57', 24, 32, b'0', b'1'),
(1368, 235, 5, 1, '2024-01-13', '14:19:06', 26, 32, b'0', b'1'),
(1369, 308, 8, 1, '2024-01-13', '15:32:53', 6, 32, b'0', b'1'),
(1370, 286, 2, 1, '2024-01-13', '15:31:26', 24, 32, b'0', b'1'),
(1371, 358, 1, 1, '2024-01-13', '15:44:39', 3, 32, b'0', b'1'),
(1372, 398, 9, 1, '2024-01-13', '15:12:08', 2, 32, b'0', b'1'),
(1373, 244, 4, 1, '2024-01-13', '14:10:38', 6, 32, b'0', b'1'),
(1374, 356, 2, 1, '2024-01-13', '14:39:15', 3, 32, b'0', b'1'),
(1375, 356, 4, 1, '2024-01-13', '15:33:39', 3, 32, b'0', b'1'),
(1376, 223, 7, 1, '2024-01-13', '15:10:06', 24, 32, b'0', b'1'),
(1377, 256, 4, 1, '2024-01-13', '14:17:56', 2, 32, b'0', b'1'),
(1378, 372, 7, 1, '2024-01-13', '15:32:30', 6, 32, b'0', b'1'),
(1379, 356, 5, 1, '2024-01-13', '15:13:56', 2, 32, b'0', b'1'),
(1380, 396, 8, 1, '2024-01-13', '13:54:10', 26, 32, b'0', b'1'),
(1381, 270, 3, 1, '2024-01-13', '15:21:27', 3, 32, b'0', b'1'),
(1382, 376, 5, 1, '2024-01-13', '15:03:05', 6, 32, b'0', b'1'),
(1383, 319, 10, 1, '2024-01-13', '15:22:07', 2, 32, b'0', b'1'),
(1384, 259, 9, 1, '2024-01-13', '15:05:16', 26, 32, b'0', b'1'),
(1385, 285, 10, 1, '2024-01-13', '14:16:28', 24, 32, b'0', b'1'),
(1386, 302, 3, 1, '2024-01-13', '14:27:34', 2, 32, b'0', b'1'),
(1387, 303, 1, 1, '2024-01-13', '15:01:30', 6, 32, b'0', b'1'),
(1388, 242, 8, 1, '2024-01-13', '14:34:33', 6, 32, b'0', b'1'),
(1389, 387, 5, 1, '2024-01-13', '14:41:21', 6, 32, b'0', b'1'),
(1390, 246, 8, 1, '2024-01-13', '14:08:49', 26, 32, b'0', b'1'),
(1391, 405, 2, 1, '2024-01-13', '14:57:25', 2, 32, b'0', b'1'),
(1392, 243, 7, 1, '2024-01-13', '15:36:26', 24, 32, b'0', b'1'),
(1393, 256, 9, 1, '2024-01-13', '13:58:39', 3, 32, b'0', b'1'),
(1394, 251, 3, 1, '2024-01-13', '15:11:37', 6, 32, b'0', b'1'),
(1395, 408, 2, 1, '2024-01-13', '13:48:57', 2, 32, b'0', b'1'),
(1396, 215, 4, 1, '2024-01-13', '13:48:19', 26, 32, b'0', b'1'),
(1397, 313, 2, 1, '2024-01-13', '15:06:57', 2, 32, b'0', b'1'),
(1398, 386, 9, 1, '2024-01-13', '14:54:59', 24, 32, b'0', b'1'),
(1399, 413, 10, 1, '2024-01-13', '15:19:45', 3, 32, b'0', b'1'),
(1400, 411, 8, 1, '2024-01-13', '15:12:31', 26, 32, b'0', b'1'),
(1401, 410, 3, 1, '2024-01-13', '15:01:49', 3, 32, b'0', b'1'),
(1402, 321, 6, 1, '2024-01-13', '15:33:23', 6, 32, b'0', b'1'),
(1403, 262, 1, 1, '2024-01-13', '14:03:02', 3, 32, b'0', b'1'),
(1404, 350, 5, 1, '2024-01-13', '15:40:44', 24, 32, b'0', b'1'),
(1405, 240, 4, 1, '2024-01-13', '13:55:52', 26, 32, b'0', b'1'),
(1406, 389, 2, 1, '2024-01-13', '14:09:39', 26, 32, b'0', b'1'),
(1407, 272, 7, 1, '2024-01-13', '15:16:40', 2, 32, b'0', b'1'),
(1409, 276, 9, 1, '2024-01-13', '14:33:47', 26, 32, b'0', b'1'),
(1410, 274, 5, 1, '2024-01-13', '15:36:25', 3, 32, b'0', b'1'),
(1411, 362, 3, 1, '2024-01-13', '15:15:48', 24, 32, b'0', b'1'),
(1412, 387, 2, 1, '2024-01-13', '14:33:37', 24, 32, b'0', b'1'),
(1413, 312, 5, 1, '2024-01-13', '13:53:34', 24, 32, b'0', b'1'),
(1414, 259, 1, 1, '2024-01-13', '15:00:40', 6, 32, b'0', b'1'),
(1415, 253, 2, 1, '2024-01-13', '14:54:46', 26, 32, b'0', b'1'),
(1417, 240, 7, 1, '2024-01-13', '15:04:27', 6, 32, b'0', b'1'),
(1418, 227, 4, 1, '2024-01-13', '14:20:27', 24, 32, b'0', b'1'),
(1419, 360, 1, 1, '2024-01-13', '15:07:25', 6, 32, b'0', b'1'),
(1420, 389, 6, 1, '2024-01-13', '14:57:50', 3, 32, b'0', b'1'),
(1421, 307, 5, 1, '2024-01-13', '14:42:10', 26, 32, b'0', b'1'),
(1422, 311, 4, 1, '2024-01-13', '14:15:41', 6, 32, b'0', b'1'),
(1423, 325, 3, 1, '2024-01-13', '14:16:34', 3, 32, b'0', b'1'),
(1424, 389, 9, 1, '2024-01-13', '14:34:38', 24, 32, b'0', b'1'),
(1425, 336, 7, 1, '2024-01-13', '13:52:20', 24, 32, b'0', b'1'),
(1426, 248, 10, 1, '2024-01-13', '13:52:02', 3, 32, b'0', b'1'),
(1427, 213, 4, 1, '2024-01-13', '15:06:01', 2, 32, b'0', b'1'),
(1428, 293, 4, 1, '2024-01-13', '15:39:00', 26, 32, b'0', b'1'),
(1429, 214, 8, 1, '2024-01-13', '15:22:41', 26, 32, b'0', b'1'),
(1430, 383, 6, 1, '2024-01-13', '15:46:46', 6, 32, b'0', b'1'),
(1431, 358, 7, 1, '2024-01-13', '14:32:13', 3, 32, b'0', b'1'),
(1432, 310, 1, 1, '2024-01-13', '15:27:37', 3, 32, b'0', b'1'),
(1433, 287, 10, 1, '2024-01-13', '13:53:19', 2, 32, b'0', b'1'),
(1434, 266, 1, 1, '2024-01-13', '15:26:36', 2, 32, b'0', b'1'),
(1435, 242, 5, 1, '2024-01-13', '14:53:09', 26, 32, b'0', b'1'),
(1436, 383, 9, 1, '2024-01-13', '14:55:58', 3, 32, b'0', b'1'),
(1437, 404, 3, 1, '2024-01-13', '14:46:27', 26, 32, b'0', b'1'),
(1438, 292, 5, 1, '2024-01-13', '14:15:17', 24, 32, b'0', b'1'),
(1439, 363, 3, 1, '2024-01-13', '14:06:15', 24, 32, b'0', b'1'),
(1440, 224, 5, 1, '2024-01-13', '14:38:13', 3, 32, b'0', b'1'),
(1441, 419, 7, 1, '2024-01-13', '14:03:49', 3, 32, b'0', b'1'),
(1442, 412, 9, 1, '2024-01-13', '14:31:02', 6, 32, b'0', b'1'),
(1443, 353, 8, 1, '2024-01-13', '15:00:06', 6, 32, b'0', b'1'),
(1444, 318, 7, 1, '2024-01-13', '14:41:03', 24, 32, b'0', b'1'),
(1445, 367, 6, 1, '2024-01-13', '14:02:17', 2, 32, b'0', b'1'),
(1446, 307, 3, 1, '2024-01-13', '14:41:58', 24, 32, b'0', b'1'),
(1447, 358, 10, 1, '2024-01-13', '15:39:08', 6, 32, b'0', b'1'),
(1448, 337, 3, 1, '2024-01-13', '14:37:19', 3, 32, b'0', b'1'),
(1449, 211, 10, 1, '2024-01-13', '14:00:06', 2, 32, b'0', b'1'),
(1450, 393, 5, 1, '2024-01-13', '14:14:28', 2, 32, b'0', b'1'),
(1451, 242, 7, 1, '2024-01-13', '14:54:53', 26, 32, b'0', b'1'),
(1452, 391, 5, 1, '2024-01-13', '13:58:20', 24, 32, b'0', b'1'),
(1453, 234, 2, 1, '2024-01-13', '15:34:28', 3, 32, b'0', b'1'),
(1454, 378, 3, 1, '2024-01-13', '14:04:29', 2, 32, b'0', b'1'),
(1455, 401, 10, 1, '2024-01-13', '15:03:25', 6, 32, b'0', b'1'),
(1456, 335, 5, 1, '2024-01-13', '15:34:35', 3, 32, b'0', b'1'),
(1457, 280, 3, 1, '2024-01-13', '15:34:01', 26, 32, b'0', b'1'),
(1458, 338, 3, 1, '2024-01-13', '14:55:17', 26, 32, b'0', b'1'),
(1459, 269, 2, 1, '2024-01-13', '14:03:18', 2, 32, b'0', b'1'),
(1460, 261, 2, 1, '2024-01-13', '14:42:50', 24, 32, b'0', b'1'),
(1461, 321, 8, 1, '2024-01-13', '14:19:06', 2, 32, b'0', b'1'),
(1462, 343, 6, 1, '2024-01-13', '15:12:16', 2, 32, b'0', b'1'),
(1463, 341, 8, 1, '2024-01-13', '14:34:27', 26, 32, b'0', b'1'),
(1464, 300, 3, 1, '2024-01-13', '15:27:40', 2, 32, b'0', b'1'),
(1465, 368, 6, 1, '2024-01-13', '14:16:51', 24, 32, b'0', b'1'),
(1466, 341, 1, 1, '2024-01-13', '14:33:02', 24, 32, b'0', b'1'),
(1467, 338, 1, 1, '2024-01-13', '15:14:35', 3, 32, b'0', b'1'),
(1468, 269, 8, 1, '2024-01-13', '14:44:32', 2, 32, b'0', b'1'),
(1469, 266, 2, 1, '2024-01-13', '14:17:20', 3, 32, b'0', b'1'),
(1470, 381, 8, 1, '2024-01-13', '14:13:29', 6, 32, b'0', b'1'),
(1471, 323, 4, 1, '2024-01-13', '14:40:24', 24, 32, b'0', b'1'),
(1472, 307, 1, 1, '2024-01-13', '15:00:07', 26, 32, b'0', b'1'),
(1473, 313, 3, 1, '2024-01-13', '14:24:58', 24, 32, b'0', b'1'),
(1474, 416, 8, 1, '2024-01-13', '15:33:53', 26, 32, b'0', b'1'),
(1475, 352, 10, 1, '2024-01-13', '15:13:01', 24, 32, b'0', b'1'),
(1476, 398, 3, 1, '2024-01-13', '13:57:28', 3, 32, b'0', b'1'),
(1478, 332, 4, 1, '2024-01-13', '14:37:30', 26, 32, b'0', b'1'),
(1479, 255, 6, 1, '2024-01-13', '14:47:40', 2, 32, b'0', b'1'),
(1480, 404, 1, 1, '2024-01-13', '14:36:19', 2, 32, b'0', b'1'),
(1481, 308, 10, 1, '2024-01-13', '14:01:39', 26, 32, b'0', b'1'),
(1482, 211, 8, 1, '2024-01-13', '14:01:56', 24, 32, b'0', b'1'),
(1483, 388, 4, 1, '2024-01-13', '14:26:04', 2, 32, b'0', b'1'),
(1484, 311, 2, 1, '2024-01-13', '14:33:34', 6, 32, b'0', b'1'),
(1485, 297, 1, 1, '2024-01-13', '15:26:56', 6, 32, b'0', b'1'),
(1486, 287, 3, 1, '2024-01-13', '14:56:14', 2, 32, b'0', b'1'),
(1487, 233, 1, 1, '2024-01-13', '14:09:14', 2, 32, b'0', b'1'),
(1488, 363, 5, 1, '2024-01-13', '15:23:38', 6, 32, b'0', b'1'),
(1489, 214, 3, 1, '2024-01-13', '15:39:38', 24, 32, b'0', b'1'),
(1490, 416, 7, 1, '2024-01-13', '15:21:15', 2, 32, b'0', b'1'),
(1491, 379, 4, 1, '2024-01-13', '15:38:23', 3, 32, b'0', b'1'),
(1492, 257, 3, 1, '2024-01-13', '14:09:40', 24, 32, b'0', b'1'),
(1493, 368, 4, 1, '2024-01-13', '15:36:43', 26, 32, b'0', b'1'),
(1494, 388, 3, 1, '2024-01-13', '14:55:49', 24, 32, b'0', b'1'),
(1495, 398, 4, 1, '2024-01-13', '15:46:33', 6, 32, b'0', b'1'),
(1496, 328, 4, 1, '2024-01-13', '15:38:43', 24, 32, b'0', b'1'),
(1497, 326, 3, 1, '2024-01-13', '14:36:08', 24, 32, b'0', b'1'),
(1498, 322, 7, 1, '2024-01-13', '14:46:14', 6, 32, b'0', b'1'),
(1499, 279, 5, 1, '2024-01-13', '15:29:42', 3, 31, b'0', b'1'),
(1500, 309, 6, 1, '2024-01-13', '14:28:16', 24, 31, b'0', b'1'),
(1501, 307, 7, 1, '2024-01-13', '14:00:25', 2, 31, b'0', b'1'),
(1502, 253, 8, 1, '2024-01-13', '15:29:34', 2, 31, b'0', b'1'),
(1503, 253, 6, 1, '2024-01-13', '14:52:42', 2, 31, b'0', b'1'),
(1504, 254, 8, 1, '2024-01-13', '15:34:12', 2, 31, b'0', b'1'),
(1505, 411, 7, 1, '2024-01-13', '14:08:00', 26, 31, b'0', b'1'),
(1506, 291, 8, 1, '2024-01-13', '15:14:48', 26, 31, b'0', b'1'),
(1507, 388, 3, 1, '2024-01-13', '14:01:14', 3, 31, b'0', b'1'),
(1508, 230, 4, 1, '2024-01-13', '15:04:43', 24, 31, b'0', b'1'),
(1509, 350, 1, 1, '2024-01-13', '15:12:38', 6, 31, b'0', b'1'),
(1510, 331, 10, 1, '2024-01-13', '15:43:31', 2, 31, b'0', b'1'),
(1511, 354, 6, 1, '2024-01-13', '14:59:46', 3, 31, b'0', b'1'),
(1512, 303, 5, 1, '2024-01-13', '15:24:10', 24, 31, b'0', b'1'),
(1513, 404, 6, 1, '2024-01-13', '14:26:37', 26, 31, b'0', b'1'),
(1514, 383, 5, 1, '2024-01-13', '14:16:50', 24, 31, b'0', b'1'),
(1515, 369, 7, 1, '2024-01-13', '14:35:06', 24, 31, b'0', b'1'),
(1516, 246, 2, 1, '2024-01-13', '14:15:15', 6, 31, b'0', b'1'),
(1517, 323, 8, 1, '2024-01-13', '14:58:59', 24, 31, b'0', b'1'),
(1518, 252, 1, 1, '2024-01-13', '14:12:05', 24, 31, b'0', b'1'),
(1519, 219, 3, 1, '2024-01-13', '14:27:53', 26, 31, b'0', b'1'),
(1520, 228, 1, 1, '2024-01-13', '15:31:41', 6, 31, b'0', b'1'),
(1521, 242, 4, 1, '2024-01-13', '14:50:44', 6, 31, b'0', b'1'),
(1522, 288, 3, 1, '2024-01-13', '14:02:36', 3, 31, b'0', b'1'),
(1523, 322, 10, 1, '2024-01-13', '14:10:54', 24, 31, b'0', b'1'),
(1524, 316, 4, 1, '2024-01-13', '14:57:52', 24, 31, b'0', b'1'),
(1525, 320, 10, 1, '2024-01-13', '13:57:14', 6, 31, b'0', b'1'),
(1526, 262, 5, 1, '2024-01-13', '15:42:15', 26, 31, b'0', b'1'),
(1527, 322, 9, 1, '2024-01-13', '14:06:43', 3, 31, b'0', b'1'),
(1528, 330, 4, 1, '2024-01-13', '14:52:24', 24, 31, b'0', b'1'),
(1529, 318, 8, 1, '2024-01-13', '14:54:41', 6, 31, b'0', b'1'),
(1530, 338, 9, 1, '2024-01-13', '15:37:13', 3, 31, b'0', b'1'),
(1531, 265, 9, 1, '2024-01-13', '15:30:59', 2, 31, b'0', b'1'),
(1532, 310, 1, 1, '2024-01-13', '14:46:23', 3, 31, b'0', b'1'),
(1533, 326, 2, 1, '2024-01-13', '14:46:11', 3, 31, b'0', b'1'),
(1534, 339, 8, 1, '2024-01-13', '15:39:26', 24, 31, b'0', b'1'),
(1535, 356, 3, 1, '2024-01-13', '15:45:53', 24, 31, b'0', b'1'),
(1536, 395, 9, 1, '2024-01-13', '15:14:36', 3, 31, b'0', b'1'),
(1537, 400, 4, 1, '2024-01-13', '14:05:15', 24, 31, b'0', b'1'),
(1538, 406, 6, 1, '2024-01-13', '14:31:30', 6, 31, b'0', b'1'),
(1539, 344, 5, 1, '2024-01-13', '14:52:27', 6, 31, b'0', b'1'),
(1540, 251, 9, 1, '2024-01-13', '15:09:35', 3, 31, b'0', b'1'),
(1541, 239, 5, 1, '2024-01-13', '14:57:27', 6, 31, b'0', b'1'),
(1542, 401, 7, 1, '2024-01-13', '14:31:37', 6, 31, b'0', b'1'),
(1543, 299, 5, 1, '2024-01-13', '14:15:43', 3, 31, b'0', b'1'),
(1544, 235, 9, 1, '2024-01-13', '13:48:38', 26, 31, b'0', b'1'),
(1545, 255, 8, 1, '2024-01-13', '13:50:35', 6, 31, b'0', b'1'),
(1546, 267, 9, 1, '2024-01-13', '15:41:33', 2, 31, b'0', b'1'),
(1547, 404, 4, 1, '2024-01-13', '15:05:40', 3, 31, b'0', b'1'),
(1548, 341, 7, 1, '2024-01-13', '13:52:44', 6, 31, b'0', b'1'),
(1549, 345, 10, 1, '2024-01-13', '15:14:00', 3, 31, b'0', b'1'),
(1550, 236, 4, 1, '2024-01-13', '14:14:09', 24, 31, b'0', b'1'),
(1551, 250, 2, 1, '2024-01-13', '15:23:13', 24, 31, b'0', b'1'),
(1552, 284, 8, 1, '2024-01-13', '14:09:49', 2, 31, b'0', b'1'),
(1553, 351, 5, 1, '2024-01-13', '15:42:54', 2, 31, b'0', b'1'),
(1554, 414, 10, 1, '2024-01-13', '14:40:00', 6, 31, b'0', b'1'),
(1555, 342, 1, 1, '2024-01-13', '15:40:43', 24, 31, b'0', b'1'),
(1556, 337, 8, 1, '2024-01-13', '15:14:01', 26, 31, b'0', b'1'),
(1558, 385, 1, 1, '2024-01-13', '14:11:03', 2, 31, b'0', b'1'),
(1559, 255, 6, 1, '2024-01-13', '15:30:29', 24, 31, b'0', b'1'),
(1560, 296, 8, 1, '2024-01-13', '14:57:34', 2, 31, b'0', b'1'),
(1561, 277, 9, 1, '2024-01-13', '14:46:17', 2, 31, b'0', b'1'),
(1562, 394, 4, 1, '2024-01-13', '15:38:46', 6, 31, b'0', b'1'),
(1563, 353, 6, 1, '2024-01-13', '14:07:21', 2, 31, b'0', b'1'),
(1565, 333, 1, 1, '2024-01-13', '15:43:07', 3, 31, b'0', b'1'),
(1567, 323, 1, 1, '2024-01-13', '13:57:19', 2, 31, b'0', b'1'),
(1568, 212, 6, 1, '2024-01-13', '14:26:39', 6, 31, b'0', b'1'),
(1569, 324, 9, 1, '2024-01-13', '15:32:00', 26, 31, b'0', b'1'),
(1570, 262, 10, 1, '2024-01-13', '14:55:35', 24, 31, b'0', b'1'),
(1571, 286, 7, 1, '2024-01-13', '14:19:56', 6, 31, b'0', b'1'),
(1572, 402, 5, 1, '2024-01-13', '14:59:44', 24, 31, b'0', b'1'),
(1573, 248, 9, 1, '2024-01-13', '14:28:37', 6, 31, b'0', b'1'),
(1574, 295, 10, 1, '2024-01-13', '14:10:20', 3, 31, b'0', b'1'),
(1575, 285, 10, 1, '2024-01-13', '15:28:29', 26, 31, b'0', b'1'),
(1576, 337, 10, 1, '2024-01-13', '15:41:24', 24, 31, b'0', b'1'),
(1577, 396, 3, 1, '2024-01-13', '15:40:01', 3, 31, b'0', b'1'),
(1578, 216, 10, 1, '2024-01-13', '14:50:01', 2, 31, b'0', b'1'),
(1579, 388, 4, 1, '2024-01-13', '14:16:40', 26, 31, b'0', b'1'),
(1580, 346, 5, 1, '2024-01-13', '13:50:04', 2, 31, b'0', b'1'),
(1581, 405, 5, 1, '2024-01-13', '15:14:05', 3, 31, b'0', b'1'),
(1582, 220, 7, 1, '2024-01-13', '13:50:22', 2, 31, b'0', b'1'),
(1583, 287, 1, 1, '2024-01-13', '15:30:20', 2, 31, b'0', b'1'),
(1584, 214, 10, 1, '2024-01-13', '15:32:23', 2, 31, b'0', b'1'),
(1585, 399, 3, 1, '2024-01-13', '14:43:45', 26, 31, b'0', b'1'),
(1586, 358, 5, 1, '2024-01-13', '13:52:39', 26, 31, b'0', b'1'),
(1587, 361, 3, 1, '2024-01-13', '14:46:39', 24, 31, b'0', b'1'),
(1588, 217, 5, 1, '2024-01-13', '14:48:59', 26, 31, b'0', b'1'),
(1589, 275, 10, 1, '2024-01-13', '15:26:30', 2, 31, b'0', b'1'),
(1590, 420, 5, 1, '2024-01-13', '14:15:43', 26, 31, b'0', b'1'),
(1591, 376, 10, 1, '2024-01-13', '14:17:31', 6, 31, b'0', b'1'),
(1592, 318, 2, 1, '2024-01-13', '14:44:38', 6, 31, b'0', b'1'),
(1593, 413, 5, 1, '2024-01-13', '15:08:46', 2, 31, b'0', b'1'),
(1594, 215, 1, 1, '2024-01-13', '14:35:51', 6, 31, b'0', b'1'),
(1595, 396, 4, 1, '2024-01-13', '14:14:23', 6, 31, b'0', b'1'),
(1596, 378, 3, 1, '2024-01-13', '15:12:22', 2, 31, b'0', b'1'),
(1597, 276, 9, 1, '2024-01-13', '14:58:42', 6, 31, b'0', b'1'),
(1598, 341, 10, 1, '2024-01-13', '14:40:52', 24, 31, b'0', b'1'),
(1599, 342, 6, 1, '2024-01-13', '15:02:48', 6, 31, b'0', b'1'),
(1600, 415, 6, 1, '2024-01-13', '15:16:51', 26, 31, b'0', b'1'),
(1602, 213, 9, 1, '2024-01-13', '15:26:25', 3, 31, b'0', b'1'),
(1603, 219, 2, 1, '2024-01-13', '14:45:33', 2, 31, b'0', b'1'),
(1604, 213, 7, 1, '2024-01-13', '14:48:23', 2, 31, b'0', b'1'),
(1605, 370, 6, 1, '2024-01-13', '14:44:39', 6, 31, b'0', b'1'),
(1606, 295, 4, 1, '2024-01-13', '15:08:59', 26, 31, b'0', b'1'),
(1607, 314, 2, 1, '2024-01-13', '14:30:08', 6, 31, b'0', b'1'),
(1608, 293, 8, 1, '2024-01-13', '13:55:55', 3, 31, b'0', b'1'),
(1609, 367, 10, 1, '2024-01-13', '15:14:11', 3, 31, b'0', b'1'),
(1610, 211, 4, 1, '2024-01-13', '14:51:03', 24, 31, b'0', b'1'),
(1611, 265, 8, 1, '2024-01-13', '14:44:11', 2, 31, b'0', b'1'),
(1612, 328, 4, 1, '2024-01-13', '14:06:13', 2, 31, b'0', b'1'),
(1613, 227, 5, 1, '2024-01-13', '14:12:00', 3, 31, b'0', b'1'),
(1614, 276, 6, 1, '2024-01-13', '15:02:05', 6, 31, b'0', b'1'),
(1615, 287, 10, 1, '2024-01-13', '14:09:56', 3, 31, b'0', b'1'),
(1616, 412, 3, 1, '2024-01-13', '14:46:35', 24, 31, b'0', b'1'),
(1618, 308, 10, 1, '2024-01-13', '15:40:34', 2, 31, b'0', b'1'),
(1619, 316, 6, 1, '2024-01-13', '15:33:15', 24, 31, b'0', b'1'),
(1620, 340, 3, 1, '2024-01-13', '14:27:48', 24, 31, b'0', b'1'),
(1621, 232, 4, 1, '2024-01-13', '15:25:49', 26, 31, b'0', b'1'),
(1622, 409, 5, 1, '2024-01-13', '14:35:58', 2, 31, b'0', b'1'),
(1623, 415, 8, 1, '2024-01-13', '15:15:14', 24, 31, b'0', b'1'),
(1624, 411, 8, 1, '2024-01-13', '15:31:20', 6, 31, b'0', b'1'),
(1626, 380, 10, 1, '2024-01-13', '13:51:55', 3, 31, b'0', b'1'),
(1627, 256, 7, 1, '2024-01-13', '15:41:21', 3, 31, b'0', b'1'),
(1628, 369, 9, 1, '2024-01-13', '15:35:21', 6, 31, b'0', b'1'),
(1629, 373, 2, 1, '2024-01-13', '14:22:33', 6, 31, b'0', b'1'),
(1630, 312, 1, 1, '2024-01-13', '14:23:59', 26, 31, b'0', b'1'),
(1631, 351, 4, 1, '2024-01-13', '14:41:50', 3, 31, b'0', b'1'),
(1632, 221, 3, 1, '2024-01-13', '14:29:48', 6, 31, b'0', b'1'),
(1633, 223, 1, 1, '2024-01-13', '14:08:34', 2, 31, b'0', b'1'),
(1634, 238, 6, 1, '2024-01-13', '15:39:49', 26, 31, b'0', b'1'),
(1635, 232, 1, 1, '2024-01-13', '13:52:56', 3, 31, b'0', b'1'),
(1636, 293, 2, 1, '2024-01-13', '15:41:31', 3, 31, b'0', b'1'),
(1637, 401, 4, 1, '2024-01-13', '13:51:20', 6, 31, b'0', b'1'),
(1638, 346, 10, 1, '2024-01-13', '15:21:38', 3, 31, b'0', b'1'),
(1639, 301, 3, 1, '2024-01-13', '15:31:02', 26, 31, b'0', b'1'),
(1640, 406, 10, 1, '2024-01-13', '14:43:47', 3, 31, b'0', b'1'),
(1641, 385, 10, 1, '2024-01-13', '14:19:15', 24, 31, b'0', b'1'),
(1642, 305, 10, 1, '2024-01-13', '15:11:03', 6, 31, b'0', b'1'),
(1643, 345, 1, 1, '2024-01-13', '15:06:30', 6, 31, b'0', b'1'),
(1644, 351, 8, 1, '2024-01-13', '14:07:51', 3, 31, b'0', b'1'),
(1645, 290, 3, 1, '2024-01-13', '15:37:19', 26, 31, b'0', b'1'),
(1646, 346, 4, 1, '2024-01-13', '15:26:52', 6, 31, b'0', b'1'),
(1647, 398, 3, 1, '2024-01-13', '13:55:33', 26, 31, b'0', b'1'),
(1648, 299, 1, 1, '2024-01-13', '15:03:43', 3, 31, b'0', b'1'),
(1677, 407, 26, 1, '2024-01-14', '15:14:54', 6, 32, b'0', b'1'),
(1684, 267, 5, 1, '2024-01-14', '15:33:40', 6, 32, b'0', b'1'),
(1685, 270, 5, 1, '2024-01-14', '15:33:42', 6, 32, b'0', b'1'),
(1686, 265, 5, 1, '2024-01-14', '15:34:27', 6, 32, b'0', b'1'),
(1687, 433, 2, 1, '2024-01-18', '20:39:40', 26, 32, b'0', b'1'),
(1688, 432, 10, 1, '2024-01-18', '21:51:28', 26, 32, b'0', b'1');

-- --------------------------------------------------------

--
-- Table structure for table `vl_inventura`
--

CREATE TABLE `vl_inventura` (
  `id` int(11) NOT NULL,
  `pocetak` datetime DEFAULT NULL,
  `kraj` datetime DEFAULT NULL,
  `aktivno` bit(1) NOT NULL DEFAULT b'1'
) ENGINE=InnoDB DEFAULT CHARSET=utf8mb4 COLLATE=utf8mb4_general_ci;

--
-- Dumping data for table `vl_inventura`
--

INSERT INTO `vl_inventura` (`id`, `pocetak`, `kraj`, `aktivno`) VALUES
(25, '2024-01-01 18:10:11', '2024-01-01 18:10:12', b'0'),
(26, '2024-01-01 18:10:13', '2024-01-01 18:10:13', b'0'),
(27, '2024-01-01 18:10:17', '2024-01-01 18:10:20', b'0'),
(28, '2024-01-02 13:21:21', '2024-01-02 13:21:21', b'0'),
(29, '2024-01-02 13:21:22', '2024-01-04 12:19:44', b'0'),
(30, '2024-01-04 12:25:55', '2024-01-04 12:26:00', b'0'),
(31, '2024-01-04 12:54:04', '2024-01-04 12:54:51', b'0'),
(32, '2024-01-04 12:54:51', NULL, b'1');

-- --------------------------------------------------------

--
-- Table structure for table `vl_invite_codes`
--

CREATE TABLE `vl_invite_codes` (
  `id` int(11) NOT NULL,
  `kod` varchar(8) DEFAULT NULL,
  `user_id` int(11) DEFAULT NULL
) ENGINE=InnoDB DEFAULT CHARSET=utf8mb4 COLLATE=utf8mb4_general_ci;

--
-- Dumping data for table `vl_invite_codes`
--

INSERT INTO `vl_invite_codes` (`id`, `kod`, `user_id`) VALUES
(2, 'e43bc500', 13),
(6, 'b92160c4', 14),
(8, '', 6),
(9, '', NULL),
(10, '', NULL),
(11, '', 24),
(12, '', 25),
(13, '', 26);

-- --------------------------------------------------------

--
-- Table structure for table `vl_mysql_errors`
--

CREATE TABLE `vl_mysql_errors` (
  `id` int(11) NOT NULL,
  `query` varchar(16) DEFAULT NULL,
  `message` varchar(255) DEFAULT NULL,
  `time` datetime NOT NULL DEFAULT current_timestamp()
) ENGINE=InnoDB DEFAULT CHARSET=utf8mb4 COLLATE=utf8mb4_general_ci;

--
-- Dumping data for table `vl_mysql_errors`
--

INSERT INTO `vl_mysql_errors` (`id`, `query`, `message`, `time`) VALUES
(1519, 'UPLOAD', 'row count presel', '2023-12-28 22:19:54'),
(1520, 'UPLOAD', 'kraj presel', '2023-12-28 22:21:59'),
(1521, 'UPLOAD', 'kraj presel', '2023-12-28 22:22:35'),
(1524, 'LOGIN FAIL', 'vtoslt => micko', '2024-01-02 12:51:24'),
(1525, 'LOGIN FAIL', 'admin => admin', '2024-01-02 13:05:35'),
(1526, 'LOGIN FAIL', 'vito => micko', '2024-01-02 13:05:41'),
(1527, 'LOGIN FAIL', 'vitolist => micko', '2024-01-02 13:05:52'),
(1528, 'LOGIN FAIL', 'vitolist => micko', '2024-01-03 08:52:04'),
(1529, 'LOGIN FAIL', 'vitolist => micko', '2024-01-07 19:50:53'),
(1530, 'ERROR INSERT', 'PDOException: SQLSTATE[23000]: Integrity constraint violation: 1062 Duplicate entry \'258-32-0\' for key \'unique_combination\' in C:\\xampp\\htdocs\\inventura2\\mysqldb.class.php:108\nStack trace:\n#0 C:\\xampp\\htdocs\\inventura2\\mysqldb.class.php(108): PDOStatement', '2024-01-14 12:31:03'),
(1531, 'ERROR INSERT', 'PDOException: SQLSTATE[23000]: Integrity constraint violation: 1062 Duplicate entry \'258-32-0\' for key \'unique_combination\' in C:\\xampp\\htdocs\\inventura2\\mysqldb.class.php:108\nStack trace:\n#0 C:\\xampp\\htdocs\\inventura2\\mysqldb.class.php(108): PDOStatement', '2024-01-14 12:32:46'),
(1532, 'ERROR INSERT', 'PDOException: SQLSTATE[23000]: Integrity constraint violation: 1062 Duplicate entry \'258-32-0\' for key \'unique_combination\' in C:\\xampp\\htdocs\\inventura2\\mysqldb.class.php:108\nStack trace:\n#0 C:\\xampp\\htdocs\\inventura2\\mysqldb.class.php(108): PDOStatement', '2024-01-14 12:33:32'),
(1533, 'ERROR INSERT', 'PDOException: SQLSTATE[23000]: Integrity constraint violation: 1062 Duplicate entry \'258-32-0\' for key \'unique_combination\' in C:\\xampp\\htdocs\\inventura2\\mysqldb.class.php:108\nStack trace:\n#0 C:\\xampp\\htdocs\\inventura2\\mysqldb.class.php(108): PDOStatement', '2024-01-14 12:38:46'),
(1534, 'ERROR INSERT', 'PDOException: SQLSTATE[23000]: Integrity constraint violation: 1062 Duplicate entry \'258-32-0\' for key \'unique_combination\' in C:\\xampp\\htdocs\\inventura2\\mysqldb.class.php:108\nStack trace:\n#0 C:\\xampp\\htdocs\\inventura2\\mysqldb.class.php(108): PDOStatement', '2024-01-14 12:38:51'),
(1535, 'ERROR INSERT', 'PDOException: SQLSTATE[23000]: Integrity constraint violation: 1062 Duplicate entry \'258-32-0\' for key \'unique_combination\' in C:\\xampp\\htdocs\\inventura2\\mysqldb.class.php:108\nStack trace:\n#0 C:\\xampp\\htdocs\\inventura2\\mysqldb.class.php(108): PDOStatement', '2024-01-14 12:39:14'),
(1536, 'ERROR INSERT', 'PDOException: SQLSTATE[23000]: Integrity constraint violation: 1062 Duplicate entry \'261-32-0\' for key \'unique_combination\' in C:\\xampp\\htdocs\\inventura2\\mysqldb.class.php:108\nStack trace:\n#0 C:\\xampp\\htdocs\\inventura2\\mysqldb.class.php(108): PDOStatement', '2024-01-14 12:40:09'),
(1537, 'ERROR INSERT', 'PDOException: SQLSTATE[23000]: Integrity constraint violation: 1062 Duplicate entry \'258-32-0\' for key \'unique_combination\' in C:\\xampp\\htdocs\\inventura2\\mysqldb.class.php:108\nStack trace:\n#0 C:\\xampp\\htdocs\\inventura2\\mysqldb.class.php(108): PDOStatement', '2024-01-14 12:43:39'),
(1538, 'ERROR INSERT', 'PDOException: SQLSTATE[23000]: Integrity constraint violation: 1062 Duplicate entry \'258-32-0\' for key \'unique_combination\' in C:\\xampp\\htdocs\\inventura2\\mysqldb.class.php:108\nStack trace:\n#0 C:\\xampp\\htdocs\\inventura2\\mysqldb.class.php(108): PDOStatement', '2024-01-14 12:43:59'),
(1539, 'ERROR INSERT', 'PDOException: SQLSTATE[23000]: Integrity constraint violation: 1062 Duplicate entry \'258-32-0\' for key \'unique_combination\' in C:\\xampp\\htdocs\\inventura2\\mysqldb.class.php:108\nStack trace:\n#0 C:\\xampp\\htdocs\\inventura2\\mysqldb.class.php(108): PDOStatement', '2024-01-14 12:44:11'),
(1540, 'ERROR INSERT', 'PDOException: SQLSTATE[23000]: Integrity constraint violation: 1062 Duplicate entry \'270-32-0\' for key \'unique_combination\' in C:\\xampp\\htdocs\\inventura2\\mysqldb.class.php:108\nStack trace:\n#0 C:\\xampp\\htdocs\\inventura2\\mysqldb.class.php(108): PDOStatement', '2024-01-14 12:45:26'),
(1541, 'ERROR INSERT', 'PDOException: SQLSTATE[23000]: Integrity constraint violation: 1062 Duplicate entry \'258-32-0\' for key \'unique_combination\' in C:\\xampp\\htdocs\\inventura2\\mysqldb.class.php:108\nStack trace:\n#0 C:\\xampp\\htdocs\\inventura2\\mysqldb.class.php(108): PDOStatement', '2024-01-14 12:46:24'),
(1542, 'ERROR INSERT', 'PDOException: SQLSTATE[23000]: Integrity constraint violation: 1062 Duplicate entry \'270-32-0\' for key \'unique_combination\' in C:\\xampp\\htdocs\\inventura2\\mysqldb.class.php:108\nStack trace:\n#0 C:\\xampp\\htdocs\\inventura2\\mysqldb.class.php(108): PDOStatement', '2024-01-14 12:52:04'),
(1543, 'UCIONICA', 'null', '2024-01-14 15:29:01'),
(1544, 'ERROR INSERT', 'PDOException: SQLSTATE[23000]: Integrity constraint violation: 1062 Duplicate entry \'264-32-0\' for key \'unique_combination\' in C:\\xampp\\htdocs\\inventura2\\mysqldb.class.php:108\nStack trace:\n#0 C:\\xampp\\htdocs\\inventura2\\mysqldb.class.php(108): PDOStatement', '2024-01-14 15:29:01'),
(1545, 'UCIONICA', 'null', '2024-01-14 15:29:03'),
(1546, 'ERROR INSERT', 'PDOException: SQLSTATE[23000]: Integrity constraint violation: 1062 Duplicate entry \'267-32-0\' for key \'unique_combination\' in C:\\xampp\\htdocs\\inventura2\\mysqldb.class.php:108\nStack trace:\n#0 C:\\xampp\\htdocs\\inventura2\\mysqldb.class.php(108): PDOStatement', '2024-01-14 15:29:03'),
(1547, 'UCIONICA', 'null', '2024-01-14 15:29:30'),
(1548, 'ERROR INSERT', 'PDOException: SQLSTATE[23000]: Integrity constraint violation: 1062 Duplicate entry \'270-32-0\' for key \'unique_combination\' in C:\\xampp\\htdocs\\inventura2\\mysqldb.class.php:108\nStack trace:\n#0 C:\\xampp\\htdocs\\inventura2\\mysqldb.class.php(108): PDOStatement', '2024-01-14 15:29:30'),
(1549, 'UCIONICA', 'null', '2024-01-14 15:29:54'),
(1550, 'UCIONICA', 'null', '2024-01-14 15:30:40'),
(1551, 'UCIONICA', 'null', '2024-01-14 15:32:55'),
(1552, 'UCIONICA', '5', '2024-01-14 15:33:40'),
(1553, 'UCIONICA', '5', '2024-01-14 15:33:42'),
(1554, 'CONNECT', 'SQLSTATE[HY000] [2002] No connection could be made because the target machine actively refused it', '2024-01-17 19:34:05'),
(1555, 'SLIKA', NULL, '2024-01-17 21:50:48'),
(1556, 'SLIKA', NULL, '2024-01-17 21:51:45'),
(1557, 'SLIKA', NULL, '2024-01-17 21:55:17'),
(1558, 'SLIKA', NULL, '2024-01-17 21:55:36'),
(1559, 'SLIKA', NULL, '2024-01-17 21:56:39'),
(1560, 'SLIKA', NULL, '2024-01-17 21:58:44'),
(1561, 'SLIKA', '1703188618121.jpg', '2024-01-17 22:01:39'),
(1562, 'SLIKA', 'wutang2.jpg', '2024-01-17 22:02:02'),
(1563, 'LOGIN FAIL', 'vito => cmiko', '2024-01-18 15:58:56'),
(1564, 'ROUTE', 'admin\\proizvodi', '2024-01-18 17:56:33'),
(1565, 'ROUTE', 'admin\\proizvodi', '2024-01-18 17:57:05'),
(1566, 'ROUTE', 'admin\\proizvodi', '2024-01-18 17:57:53'),
(1567, 'ROUTE', 'importdb\\', '2024-01-18 17:57:55'),
(1568, 'ROUTE', 'admin\\proizvodi', '2024-01-18 17:57:57'),
(1569, 'ROUTE', 'admin\\importdb', '2024-01-18 17:58:20'),
(1570, 'ROUTE', 'admin\\proizvodi', '2024-01-18 17:58:20'),
(1571, 'ROUTE', '404\\', '2024-01-18 17:58:20'),
(1572, 'ROUTE', 'admin\\inventura2importdb', '2024-01-18 17:59:06'),
(1573, 'ROUTE', 'admin\\proizvodi', '2024-01-18 17:59:07'),
(1574, 'ROUTE', '404\\', '2024-01-18 17:59:07'),
(1575, 'ROUTE', 'admin\\proizvodi', '2024-01-18 17:59:49'),
(1576, 'ROUTE', 'admin\\proizvodi', '2024-01-18 17:59:50'),
(1577, 'ROUTE', 'admin\\importdb', '2024-01-18 18:00:15'),
(1578, 'ROUTE', 'admin\\proizvodi', '2024-01-18 18:00:15'),
(1579, 'ROUTE', '404\\', '2024-01-18 18:00:15'),
(1580, 'ROUTE', 'admin\\proizvodi', '2024-01-18 18:01:34'),
(1581, 'ROUTE', 'importdb\\', '2024-01-18 18:01:40'),
(1582, 'ROUTE', 'admin\\proizvodi', '2024-01-18 18:01:40'),
(1583, 'ROUTE', 'importdb\\', '2024-01-18 18:01:56'),
(1584, 'ROUTE', 'admin\\proizvodi', '2024-01-18 18:01:59'),
(1585, 'ROUTE', 'admin\\inventura2importdb', '2024-01-18 18:02:21'),
(1586, 'ROUTE', 'admin\\proizvodi', '2024-01-18 18:02:21'),
(1587, 'ROUTE', '404\\', '2024-01-18 18:02:21'),
(1588, 'ROUTE', 'admin\\proizvodi', '2024-01-18 18:02:23'),
(1589, 'ROUTE', 'admin\\proizvodi', '2024-01-18 18:02:26'),
(1590, 'ROUTE', 'admin\\proizvodi', '2024-01-18 18:02:55'),
(1591, 'ROUTE', 'importdb\\', '2024-01-18 18:03:22'),
(1592, 'ROUTE', 'admin\\proizvodi', '2024-01-18 18:03:22'),
(1593, 'ROUTE', 'admin\\proizvodi', '2024-01-18 18:03:31'),
(1594, 'ROUTE', 'importdb\\', '2024-01-18 18:03:37'),
(1595, 'ROUTE', 'admin\\proizvodi', '2024-01-18 18:03:49'),
(1596, 'ROUTE', 'admin\\proizvodi', '2024-01-18 18:03:49'),
(1597, 'ROUTE', 'importdb\\', '2024-01-18 18:04:19'),
(1598, 'ROUTE', 'admin\\proizvodi', '2024-01-18 18:04:19'),
(1599, 'ROUTE', 'admin\\proizvodi', '2024-01-18 18:05:00'),
(1600, 'ROUTE', 'admin\\proizvodi', '2024-01-18 18:05:18'),
(1601, 'ROUTE', 'admin\\proizvodi', '2024-01-18 18:05:19'),
(1602, 'ROUTE', 'admin\\proizvodi', '2024-01-18 18:05:20'),
(1603, 'ROUTE', 'admin\\proizvodi', '2024-01-18 18:05:31'),
(1604, 'ROUTE', 'importdb\\', '2024-01-18 18:05:33'),
(1605, 'ROUTE', 'admin\\proizvodi', '2024-01-18 18:05:34'),
(1606, 'ROUTE', 'admin\\proizvodi', '2024-01-18 18:07:27'),
(1607, 'ROUTE', 'admin\\proizvodi', '2024-01-18 18:07:47'),
(1608, 'ROUTE', 'admin\\importdb', '2024-01-18 18:07:49'),
(1609, 'ROUTE', 'admin\\proizvodi', '2024-01-18 18:07:49'),
(1610, 'ROUTE', '404\\', '2024-01-18 18:07:49'),
(1611, 'ROUTE', 'admin\\importdb', '2024-01-18 18:07:54'),
(1612, 'ROUTE', 'admin\\proizvodi', '2024-01-18 18:07:54'),
(1613, 'ROUTE', '404\\', '2024-01-18 18:07:54'),
(1614, 'ROUTE', 'admin\\importdb', '2024-01-18 18:07:54'),
(1615, 'ROUTE', 'admin\\proizvodi', '2024-01-18 18:07:54'),
(1616, 'ROUTE', '404\\', '2024-01-18 18:07:54'),
(1617, 'ROUTE', 'admin\\importdb', '2024-01-18 18:07:55'),
(1618, 'ROUTE', 'admin\\proizvodi', '2024-01-18 18:07:55'),
(1619, 'ROUTE', '404\\', '2024-01-18 18:07:55'),
(1620, 'ROUTE', 'admin\\importdb', '2024-01-18 18:07:56'),
(1621, 'ROUTE', 'admin\\proizvodi', '2024-01-18 18:07:56'),
(1622, 'ROUTE', '404\\', '2024-01-18 18:07:56'),
(1623, 'ROUTE', 'admin\\proizvodi', '2024-01-18 18:07:58'),
(1624, 'ROUTE', 'admin\\importdb', '2024-01-18 18:08:02'),
(1625, 'ROUTE', 'admin\\proizvodi', '2024-01-18 18:08:02'),
(1626, 'ROUTE', '404\\', '2024-01-18 18:08:02'),
(1627, 'ROUTE', 'admin\\importdb', '2024-01-18 18:08:21'),
(1628, 'ROUTE', 'admin\\proizvodi', '2024-01-18 18:08:21'),
(1629, 'ROUTE', '404\\', '2024-01-18 18:08:22'),
(1630, 'ROUTE', 'admin\\importdb', '2024-01-18 18:08:57'),
(1631, 'ROUTE', 'admin\\proizvodi', '2024-01-18 18:08:57'),
(1632, 'ROUTE', '404\\', '2024-01-18 18:08:57'),
(1633, 'ROUTE', 'admin\\inventura2importdb', '2024-01-18 18:10:36'),
(1634, 'ROUTE', 'admin\\proizvodi', '2024-01-18 18:10:36'),
(1635, 'ROUTE', '404\\', '2024-01-18 18:10:37'),
(1636, 'ROUTE', 'admin\\proizvodi', '2024-01-18 18:10:49'),
(1637, 'ROUTE', 'admin\\inventura2importdb', '2024-01-18 18:10:50'),
(1638, 'ROUTE', 'admin\\proizvodi', '2024-01-18 18:10:50'),
(1639, 'ROUTE', '404\\', '2024-01-18 18:10:50'),
(1640, 'ROUTE', 'admin\\inventura2importdb', '2024-01-18 18:11:16'),
(1641, 'ROUTE', 'admin\\proizvodi', '2024-01-18 18:11:16'),
(1642, 'ROUTE', '404\\', '2024-01-18 18:11:16'),
(1643, 'ROUTE', 'admin\\importdb', '2024-01-18 18:11:36'),
(1644, 'ROUTE', 'admin\\proizvodi', '2024-01-18 18:11:36'),
(1645, 'ROUTE', '404\\', '2024-01-18 18:11:36'),
(1646, 'ROUTE', 'admin\\proizvodi', '2024-01-18 18:11:44'),
(1647, 'ROUTE', 'admin\\proizvodi', '2024-01-18 18:11:55'),
(1648, 'ROUTE', 'admin\\proizvodi', '2024-01-18 18:11:56'),
(1649, 'ROUTE', 'admin\\proizvodi', '2024-01-18 18:12:00'),
(1650, 'ROUTE', 'admin\\proizvodi', '2024-01-18 18:12:04'),
(1651, 'ROUTE', 'admin\\proizvodi', '2024-01-18 18:12:08'),
(1652, 'ROUTE', 'admin\\proizvodi', '2024-01-18 18:12:40'),
(1653, 'ROUTE', 'importdb\\', '2024-01-18 18:12:41'),
(1654, 'ROUTE', 'admin\\proizvodi', '2024-01-18 18:12:43'),
(1655, 'ROUTE', 'admin\\proizvodi', '2024-01-18 18:12:44'),
(1656, 'ROUTE', 'admin\\proizvodi', '2024-01-18 19:06:22'),
(1657, 'ROUTE', 'admin\\profesori', '2024-01-18 19:10:26'),
(1658, 'ROUTE', 'admin\\ucionice', '2024-01-18 19:10:27'),
(1659, 'ROUTE', 'admin\\profesori', '2024-01-18 19:10:28'),
(1660, 'ROUTE', 'admin\\ucionice', '2024-01-18 19:10:32'),
(1661, 'ROUTE', 'admin\\usporedba', '2024-01-18 19:10:35'),
(1662, 'ROUTE', 'admin\\proizvodi', '2024-01-18 19:10:36'),
(1663, 'ROUTE', 'admin\\evidencija', '2024-01-18 19:10:37'),
(1664, 'ROUTE', 'admin\\usporedba', '2024-01-18 19:10:46'),
(1665, 'ROUTE', 'admin\\profesori', '2024-01-18 19:11:20'),
(1666, 'ROUTE', 'admin\\evidencija', '2024-01-18 19:11:21'),
(1667, 'ROUTE', 'admin\\evidencija', '2024-01-18 19:11:37'),
(1668, 'ROUTE', 'admin\\evidencija', '2024-01-18 19:11:40'),
(1669, 'ROUTE', 'admin\\evidencija', '2024-01-18 19:11:41'),
(1670, 'ROUTE', 'admin\\evidencija', '2024-01-18 19:11:43'),
(1671, 'ROUTE', 'admin\\profesori', '2024-01-18 19:11:44'),
(1672, 'ROUTE', 'admin\\ucionice', '2024-01-18 19:11:44'),
(1673, 'ROUTE', 'admin\\profesori', '2024-01-18 19:11:53'),
(1674, 'ROUTE', 'admin\\ucionice', '2024-01-18 19:13:01'),
(1675, 'ROUTE', 'admin\\evidencija', '2024-01-18 19:13:07'),
(1676, 'ROUTE', 'admin\\proizvodi', '2024-01-18 19:13:08'),
(1677, 'ROUTE', 'admin\\usporedba', '2024-01-18 19:13:09'),
(1678, 'ROUTE', 'admin\\proizvodi', '2024-01-18 19:13:09'),
(1679, 'ROUTE', 'admin\\proizvodi', '2024-01-18 19:14:51'),
(1680, 'ROUTE', 'admin\\usporedba', '2024-01-18 19:14:53'),
(1681, 'ROUTE', 'admin\\proizvodi', '2024-01-18 19:17:21'),
(1682, 'ROUTE', 'admin\\usporedba', '2024-01-18 19:17:22'),
(1683, 'ROUTE', 'admin\\proizvodi', '2024-01-18 19:17:23'),
(1684, 'ROUTE', 'admin\\usporedba', '2024-01-18 20:31:09'),
(1685, 'ROUTE', 'admin\\usporedba', '2024-01-18 20:32:34'),
(1686, 'ROUTE', 'admin\\usporedba', '2024-01-18 20:32:41'),
(1687, 'ROUTE', 'admin\\usporedba', '2024-01-18 20:32:50'),
(1688, 'ROUTE', 'admin\\usporedba', '2024-01-18 20:33:01'),
(1689, 'ROUTE', 'admin\\usporedba', '2024-01-18 20:33:09'),
(1690, 'ROUTE', 'admin\\usporedba', '2024-01-18 20:36:01'),
(1691, 'ROUTE', 'admin\\usporedba', '2024-01-18 20:36:10'),
(1692, 'ROUTE', 'admin\\usporedba', '2024-01-18 20:36:49'),
(1693, 'ROUTE', 'admin\\usporedba', '2024-01-18 20:36:51'),
(1694, 'ROUTE', 'admin\\usporedba', '2024-01-18 20:36:51'),
(1695, 'ROUTE', 'admin\\usporedba', '2024-01-18 20:36:52'),
(1696, 'ROUTE', 'admin\\usporedba', '2024-01-18 20:36:52'),
(1697, 'ROUTE', 'home\\', '2024-01-18 20:38:09'),
(1698, 'ROUTE', 'login\\', '2024-01-18 20:38:15'),
(1699, 'ROUTE', 'home\\', '2024-01-18 20:38:15'),
(1700, 'ROUTE', 'scan\\', '2024-01-18 20:38:16'),
(1701, 'ROUTE', 'admin\\usporedba', '2024-01-18 20:38:35'),
(1702, 'ROUTE', 'importdb\\', '2024-01-18 20:38:38'),
(1703, 'ROUTE', 'upload\\', '2024-01-18 20:38:56'),
(1704, 'ROUTE', 'upload\\', '2024-01-18 20:39:40'),
(1705, 'ROUTE', 'admin\\usporedba', '2024-01-18 20:39:48'),
(1706, 'ROUTE', 'admin\\evidencija', '2024-01-18 20:42:06'),
(1707, 'ROUTE', 'admin\\evidencija', '2024-01-18 20:42:11'),
(1708, 'ROUTE', 'admin\\delete_items', '2024-01-18 20:42:14'),
(1709, 'ROUTE', 'admin\\evidencija', '2024-01-18 20:42:14'),
(1710, 'ROUTE', 'admin\\usporedba', '2024-01-18 20:42:35'),
(1711, 'ROUTE', 'admin\\usporedba', '2024-01-18 20:47:04'),
(1712, 'ROUTE', 'admin\\usporedba', '2024-01-18 20:48:13'),
(1713, 'ROUTE', 'admin\\usporedba', '2024-01-18 20:48:23'),
(1714, 'ROUTE', 'admin\\usporedba', '2024-01-18 20:49:09'),
(1715, 'ROUTE', 'admin\\usporedba', '2024-01-18 20:50:35'),
(1716, 'ROUTE', 'admin\\evidencija', '2024-01-18 20:58:38'),
(1717, 'ROUTE', 'admin\\delete_items', '2024-01-18 20:58:41'),
(1718, 'ROUTE', '404\\', '2024-01-18 20:58:41'),
(1719, 'ROUTE', 'admin\\evidencija', '2024-01-18 20:58:41'),
(1720, 'ROUTE', 'admin\\delete_items', '2024-01-18 20:58:47'),
(1721, 'ROUTE', '404\\', '2024-01-18 20:58:47'),
(1722, 'ROUTE', 'admin\\evidencija', '2024-01-18 20:58:47'),
(1723, 'ROUTE', 'admin\\evidencija', '2024-01-18 20:59:31'),
(1724, 'ROUTE', 'admin\\delete_items', '2024-01-18 20:59:34'),
(1725, 'ROUTE', '404\\', '2024-01-18 20:59:34'),
(1726, 'ROUTE', 'admin\\evidencija', '2024-01-18 20:59:34'),
(1727, 'ROUTE', 'admin\\delete_items', '2024-01-18 20:59:37'),
(1728, 'ROUTE', '404\\', '2024-01-18 20:59:37'),
(1729, 'ROUTE', 'admin\\evidencija', '2024-01-18 20:59:37'),
(1730, 'ROUTE', 'admin\\evidencija', '2024-01-18 21:00:10'),
(1731, 'ROUTE', 'admin\\delete_items', '2024-01-18 21:00:14'),
(1732, 'ROUTE', '404\\', '2024-01-18 21:00:14'),
(1733, 'ROUTE', 'admin\\evidencija', '2024-01-18 21:00:14'),
(1734, 'ROUTE', 'admin\\delete_items', '2024-01-18 21:00:16'),
(1735, 'ROUTE', '404\\', '2024-01-18 21:00:16'),
(1736, 'ROUTE', 'admin\\evidencija', '2024-01-18 21:00:16'),
(1737, 'ROUTE', 'admin\\delete_items', '2024-01-18 21:00:17'),
(1738, 'ROUTE', '404\\', '2024-01-18 21:00:17'),
(1739, 'ROUTE', 'admin\\evidencija', '2024-01-18 21:00:17'),
(1740, 'ROUTE', 'admin\\delete_items', '2024-01-18 21:00:17'),
(1741, 'ROUTE', '404\\', '2024-01-18 21:00:17'),
(1742, 'ROUTE', 'admin\\evidencija', '2024-01-18 21:00:17'),
(1743, 'ROUTE', 'admin\\delete_items', '2024-01-18 21:00:18'),
(1744, 'ROUTE', '404\\', '2024-01-18 21:00:18'),
(1745, 'ROUTE', 'admin\\evidencija', '2024-01-18 21:00:18'),
(1746, 'ROUTE', 'admin\\evidencija', '2024-01-18 21:00:33'),
(1747, 'ROUTE', 'admin\\delete_items', '2024-01-18 21:00:35'),
(1748, 'ROUTE', '404\\', '2024-01-18 21:00:35'),
(1749, 'ROUTE', 'admin\\evidencija', '2024-01-18 21:00:35'),
(1750, 'ROUTE', 'admin\\delete_items', '2024-01-18 21:00:36'),
(1751, 'ROUTE', '404\\', '2024-01-18 21:00:36'),
(1752, 'ROUTE', 'admin\\evidencija', '2024-01-18 21:00:36'),
(1753, 'ROUTE', 'admin\\delete_items', '2024-01-18 21:00:37'),
(1754, 'ROUTE', '404\\', '2024-01-18 21:00:37'),
(1755, 'ROUTE', 'admin\\evidencija', '2024-01-18 21:00:37'),
(1756, 'ROUTE', 'admin\\evidencija', '2024-01-18 21:00:43'),
(1757, 'ROUTE', 'admin\\evidencija', '2024-01-18 21:00:45'),
(1758, 'ROUTE', 'admin\\evidencija', '2024-01-18 21:05:33'),
(1759, 'ROUTE', 'admin\\js_upload', '2024-01-18 21:05:36'),
(1760, 'ROUTE', 'admin\\evidencija', '2024-01-18 21:05:36'),
(1761, 'ROUTE', 'admin\\evidencija', '2024-01-18 21:05:43'),
(1762, 'ROUTE', 'admin\\js_upload', '2024-01-18 21:05:47'),
(1763, 'ROUTE', 'admin\\evidencija', '2024-01-18 21:05:47'),
(1764, 'ROUTE', 'admin\\evidencija', '2024-01-18 21:05:51'),
(1765, 'ROUTE', 'admin\\js_upload', '2024-01-18 21:05:53'),
(1766, 'ROUTE', 'admin\\evidencija', '2024-01-18 21:05:53'),
(1767, 'ROUTE', 'admin\\js_upload', '2024-01-18 21:05:55'),
(1768, 'ROUTE', 'admin\\evidencija', '2024-01-18 21:05:55'),
(1769, 'ROUTE', 'admin\\js_upload', '2024-01-18 21:05:55'),
(1770, 'ROUTE', 'admin\\evidencija', '2024-01-18 21:05:55'),
(1771, 'ROUTE', 'admin\\js_upload', '2024-01-18 21:05:55'),
(1772, 'ROUTE', 'admin\\evidencija', '2024-01-18 21:05:55'),
(1773, 'ROUTE', 'admin\\js_upload', '2024-01-18 21:05:56'),
(1774, 'ROUTE', 'admin\\evidencija', '2024-01-18 21:05:56'),
(1775, 'ROUTE', 'admin\\evidencija', '2024-01-18 21:06:04'),
(1776, 'ROUTE', 'admin\\js_upload', '2024-01-18 21:06:06'),
(1777, 'ROUTE', 'admin\\js_upload', '2024-01-18 21:06:25'),
(1778, 'ROUTE', 'admin\\evidencija', '2024-01-18 21:07:04'),
(1779, 'ROUTE', 'admin\\js_upload', '2024-01-18 21:07:05'),
(1780, 'ROUTE', 'admin\\evidencija', '2024-01-18 21:07:16'),
(1781, 'ROUTE', 'admin\\evidencija', '2024-01-18 21:07:26'),
(1782, 'ROUTE', 'admin\\evidencija', '2024-01-18 21:07:36'),
(1783, 'ROUTE', 'admin\\js_upload', '2024-01-18 21:07:38'),
(1784, 'ROUTE', 'admin\\evidencija', '2024-01-18 21:07:38'),
(1785, 'ROUTE', 'admin\\usporedba', '2024-01-18 21:14:26'),
(1786, 'ROUTE', 'admin\\usporedba', '2024-01-18 21:14:27'),
(1787, 'ROUTE', 'admin\\usporedba', '2024-01-18 21:14:51'),
(1788, 'ROUTE', 'admin\\usporedba', '2024-01-18 21:40:30'),
(1789, 'ROUTE', 'upload\\', '2024-01-18 21:50:31'),
(1790, 'ROUTE', 'upload\\', '2024-01-18 21:50:31'),
(1791, 'ROUTE', 'upload\\', '2024-01-18 21:51:28'),
(1792, 'ROUTE', 'admin\\usporedba', '2024-01-18 21:51:43'),
(1793, 'ROUTE', 'admin\\usporedba', '2024-01-18 21:57:44');

-- --------------------------------------------------------

--
-- Table structure for table `vl_otpisano`
--

CREATE TABLE `vl_otpisano` (
  `id` int(11) NOT NULL,
  `proizvod_id` int(11) NOT NULL,
  `ucionica_id` int(11) NOT NULL,
  `kolicina` int(11) NOT NULL
) ENGINE=InnoDB DEFAULT CHARSET=utf8mb4 COLLATE=utf8mb4_general_ci;

-- --------------------------------------------------------

--
-- Table structure for table `vl_pozvani`
--

CREATE TABLE `vl_pozvani` (
  `id` int(11) NOT NULL,
  `admin_id` int(11) DEFAULT NULL,
  `user_id` int(11) DEFAULT NULL
) ENGINE=InnoDB DEFAULT CHARSET=utf8mb4 COLLATE=utf8mb4_general_ci;

--
-- Dumping data for table `vl_pozvani`
--

INSERT INTO `vl_pozvani` (`id`, `admin_id`, `user_id`) VALUES
(3, 6, 23);

-- --------------------------------------------------------

--
-- Table structure for table `vl_proizvodi`
--

CREATE TABLE `vl_proizvodi` (
  `id` int(11) NOT NULL,
  `tip_id` int(11) NOT NULL,
  `naziv` varchar(64) DEFAULT NULL,
  `opis` text NOT NULL,
  `pocetna_vrij` float NOT NULL DEFAULT 1,
  `vrij_knjig` float NOT NULL DEFAULT 1,
  `koef` float NOT NULL DEFAULT 0.8,
  `slika` varchar(128) DEFAULT NULL
) ENGINE=InnoDB DEFAULT CHARSET=utf8mb4 COLLATE=utf8mb4_general_ci;

--
-- Dumping data for table `vl_proizvodi`
--

INSERT INTO `vl_proizvodi` (`id`, `tip_id`, `naziv`, `opis`, `pocetna_vrij`, `vrij_knjig`, `koef`, `slika`) VALUES
(211, 29, 'Herman Miller stolac', 'NEMA', 1, 1, 0.8, NULL),
(212, 29, 'Secretlab stolac', 'NEMA', 1, 1, 0.8, NULL),
(213, 29, 'Secretlab stolac', 'NEMA', 1, 1, 0.8, NULL),
(214, 29, 'Herman Miller stolac', 'NEMA', 1, 1, 0.8, NULL),
(215, 29, 'Ikea stolac', 'NEMA', 1, 1, 0.8, NULL),
(216, 29, 'Secretlab stolac', 'NEMA', 1, 1, 0.8, NULL),
(217, 29, 'DXRacer stolac', 'NEMA', 1, 1, 0.8, NULL),
(218, 29, 'Ikea stolac', 'NEMA', 1, 1, 0.8, NULL),
(219, 29, 'Steelcase stolac', 'NEMA', 1, 1, 0.8, NULL),
(220, 29, 'DXRacer stolac', 'NEMA', 1, 1, 0.8, NULL),
(221, 29, 'Ikea stolac', 'NEMA', 1, 1, 0.8, NULL),
(222, 29, 'Steelcase stolac', 'NEMA', 1, 1, 0.8, NULL),
(223, 29, 'Steelcase stolac', 'NEMA', 1, 1, 0.8, NULL),
(224, 29, 'Herman Miller stolac', 'NEMA', 1, 1, 0.8, NULL),
(225, 29, 'Steelcase stolac', 'NEMA', 1, 1, 0.8, NULL),
(226, 30, 'HP laptop', 'NEMA', 1, 1, 0.8, NULL),
(227, 30, 'Dell laptop', 'NEMA', 1, 1, 0.8, NULL),
(228, 30, 'Dell laptop', 'NEMA', 1, 1, 0.8, NULL),
(229, 30, 'Apple laptop', 'NEMA', 1, 1, 0.8, NULL),
(230, 30, 'HP laptop', 'NEMA', 1, 1, 0.8, NULL),
(231, 30, 'Dell laptop', 'NEMA', 1, 1, 0.8, NULL),
(232, 30, 'HP laptop', 'NEMA', 1, 1, 0.8, NULL),
(233, 30, 'HP laptop', 'NEMA', 1, 1, 0.8, NULL),
(234, 30, 'Dell laptop', 'NEMA', 1, 1, 0.8, NULL),
(235, 30, 'HP laptop', 'NEMA', 1, 1, 0.8, NULL),
(236, 30, 'HP laptop', 'NEMA', 1, 1, 0.8, NULL),
(237, 30, 'Apple laptop', 'NEMA', 1, 1, 0.8, NULL),
(238, 30, 'Lenovo laptop', 'NEMA', 1, 1, 0.8, NULL),
(239, 30, 'Dell laptop', 'NEMA', 1, 1, 0.8, NULL),
(240, 30, 'Apple laptop', 'NEMA', 1, 1, 0.8, NULL),
(241, 31, 'Asus monitor', 'NEMA', 1, 1, 0.8, NULL),
(242, 31, 'Asus monitor', 'NEMA', 1, 1, 0.8, NULL),
(243, 31, 'LG monitor', 'NEMA', 1, 1, 0.8, NULL),
(244, 31, 'Samsung monitor', 'NEMA', 1, 1, 0.8, NULL),
(245, 31, 'Acer monitor', 'NEMA', 1, 1, 0.8, NULL),
(246, 31, 'Acer monitor', 'NEMA', 1, 1, 0.8, NULL),
(247, 31, 'LG monitor', 'NEMA', 1, 1, 0.8, NULL),
(248, 31, 'Samsung monitor', 'NEMA', 1, 1, 0.8, NULL),
(249, 31, 'Samsung monitor', 'NEMA', 1, 1, 0.8, NULL),
(250, 31, 'Acer monitor', 'NEMA', 1, 1, 0.8, NULL),
(251, 31, 'Asus monitor', 'NEMA', 1, 1, 0.8, NULL),
(252, 31, 'Dell monitor', 'NEMA', 1, 1, 0.8, NULL),
(253, 31, 'Dell monitor', 'NEMA', 1, 1, 0.8, NULL),
(254, 31, 'Dell monitor', 'NEMA', 1, 1, 0.8, NULL),
(255, 31, 'LG monitor', 'NEMA', 1, 1, 0.8, NULL),
(256, 32, 'Corsair tipkovnica', 'NEMA', 1, 1, 0.8, NULL),
(257, 32, 'Razer tipkovnica', 'NEMA', 1, 1, 0.8, NULL),
(258, 32, 'Microsoft tipkovnica', 'NEMA', 1, 1, 0.8, NULL),
(259, 32, 'SteelSeries tipkovnica', 'NEMA', 1, 1, 0.8, NULL),
(260, 32, 'Logitech tipkovnica', 'NEMA', 1, 1, 0.8, NULL),
(261, 32, 'Corsair tipkovnica', 'NEMA', 1, 1, 0.8, NULL),
(262, 32, 'Razer tipkovnica', 'NEMA', 1, 1, 0.8, NULL),
(263, 32, 'Microsoft tipkovnica', 'NEMA', 1, 1, 0.8, NULL),
(264, 32, 'SteelSeries tipkovnica', 'NEMA', 1, 1, 0.8, NULL),
(265, 32, 'Razer tipkovnica', 'NEMA', 1, 1, 0.8, NULL),
(266, 32, 'Corsair tipkovnica', 'NEMA', 1, 1, 0.8, NULL),
(267, 32, 'Logitech tipkovnica', 'NEMA', 1, 1, 0.8, NULL),
(268, 32, 'Microsoft tipkovnica', 'NEMA', 1, 1, 0.8, NULL),
(269, 32, 'Razer tipkovnica', 'NEMA', 1, 1, 0.8, NULL),
(270, 32, 'SteelSeries tipkovnica', 'NEMA', 1, 1, 0.8, NULL),
(271, 33, 'Razer mi', 'NEMA', 1, 1, 0.8, NULL),
(272, 33, 'Corsair mi', 'NEMA', 1, 1, 0.8, NULL),
(273, 33, 'SteelSeries mi', 'NEMA', 1, 1, 0.8, NULL),
(274, 33, 'Razer mi', 'NEMA', 1, 1, 0.8, NULL),
(275, 33, 'Logitech mi', 'NEMA', 1, 1, 0.8, NULL),
(276, 33, 'Razer mi', 'NEMA', 1, 1, 0.8, NULL),
(277, 33, 'Logitech mi', 'NEMA', 1, 1, 0.8, NULL),
(278, 33, 'Microsoft mi', 'NEMA', 1, 1, 0.8, NULL),
(279, 33, 'Logitech mi', 'NEMA', 1, 1, 0.8, NULL),
(280, 33, 'Razer mi', 'NEMA', 1, 1, 0.8, NULL),
(281, 33, 'Logitech mi', 'NEMA', 1, 1, 0.8, NULL),
(282, 33, 'Razer mi', 'NEMA', 1, 1, 0.8, NULL),
(283, 33, 'Razer mi', 'NEMA', 1, 1, 0.8, NULL),
(284, 33, 'SteelSeries mi', 'NEMA', 1, 1, 0.8, NULL),
(285, 33, 'Razer mi', 'NEMA', 1, 1, 0.8, NULL),
(286, 34, 'Dell raunalo', 'NEMA', 1, 1, 0.8, NULL),
(287, 34, 'HP raunalo', 'NEMA', 1, 1, 0.8, NULL),
(288, 34, 'Asus raunalo', 'NEMA', 1, 1, 0.8, NULL),
(289, 34, 'Dell raunalo', 'NEMA', 1, 1, 0.8, NULL),
(290, 34, 'Lenovo raunalo', 'NEMA', 1, 1, 0.8, NULL),
(291, 34, 'Apple raunalo', 'NEMA', 1, 1, 0.8, NULL),
(292, 34, 'Dell raunalo', 'NEMA', 1, 1, 0.8, NULL),
(293, 34, 'Asus raunalo', 'NEMA', 1, 1, 0.8, NULL),
(294, 34, 'Apple raunalo', 'NEMA', 1, 1, 0.8, NULL),
(295, 34, 'Lenovo raunalo', 'NEMA', 1, 1, 0.8, NULL),
(296, 34, 'Lenovo raunalo', 'NEMA', 1, 1, 0.8, NULL),
(297, 34, 'Apple raunalo', 'NEMA', 1, 1, 0.8, NULL),
(298, 34, 'Apple raunalo', 'NEMA', 1, 1, 0.8, NULL),
(299, 34, 'Dell raunalo', 'NEMA', 1, 1, 0.8, NULL),
(300, 34, 'Asus raunalo', 'NEMA', 1, 1, 0.8, NULL),
(301, 35, 'Sony projektor', 'NEMA', 1, 1, 0.8, NULL),
(302, 35, 'Optoma projektor', 'NEMA', 1, 1, 0.8, NULL),
(303, 35, 'Epson projektor', 'NEMA', 1, 1, 0.8, NULL),
(304, 35, 'Sony projektor', 'NEMA', 1, 1, 0.8, NULL),
(305, 35, 'Epson projektor', 'NEMA', 1, 1, 0.8, NULL),
(306, 35, 'Sony projektor', 'NEMA', 1, 1, 0.8, NULL),
(307, 35, 'Epson projektor', 'NEMA', 1, 1, 0.8, NULL),
(308, 35, 'Optoma projektor', 'NEMA', 1, 1, 0.8, NULL),
(309, 35, 'Sony projektor', 'NEMA', 1, 1, 0.8, NULL),
(310, 35, 'BenQ projektor', 'NEMA', 1, 1, 0.8, NULL),
(311, 35, 'Epson projektor', 'NEMA', 1, 1, 0.8, NULL),
(312, 35, 'Acer projektor', 'NEMA', 1, 1, 0.8, NULL),
(313, 35, 'Sony projektor', 'NEMA', 1, 1, 0.8, NULL),
(314, 35, 'Sony projektor', 'NEMA', 1, 1, 0.8, NULL),
(315, 35, 'Epson projektor', 'NEMA', 1, 1, 0.8, NULL),
(316, 36, 'Monoprice HDMI kabel', 'NEMA', 1, 1, 0.8, NULL),
(317, 36, 'Anker HDMI kabel', 'NEMA', 1, 1, 0.8, NULL),
(318, 36, 'Monoprice HDMI kabel', 'NEMA', 1, 1, 0.8, NULL),
(319, 36, 'UGREEN HDMI kabel', 'NEMA', 1, 1, 0.8, NULL),
(320, 36, 'Anker HDMI kabel', 'NEMA', 1, 1, 0.8, NULL),
(321, 36, 'AmazonBasics HDMI kabel', 'NEMA', 1, 1, 0.8, NULL),
(322, 36, 'AmazonBasics HDMI kabel', 'NEMA', 1, 1, 0.8, NULL),
(323, 36, 'Monoprice HDMI kabel', 'NEMA', 1, 1, 0.8, NULL),
(324, 36, 'AmazonBasics HDMI kabel', 'NEMA', 1, 1, 0.8, NULL),
(325, 36, 'Anker HDMI kabel', 'NEMA', 1, 1, 0.8, NULL),
(326, 36, 'Belkin HDMI kabel', 'NEMA', 1, 1, 0.8, NULL),
(327, 36, 'Monoprice HDMI kabel', 'NEMA', 1, 1, 0.8, NULL),
(328, 36, 'UGREEN HDMI kabel', 'NEMA', 1, 1, 0.8, NULL),
(329, 36, 'Monoprice HDMI kabel', 'NEMA', 1, 1, 0.8, NULL),
(330, 36, 'Belkin HDMI kabel', 'NEMA', 1, 1, 0.8, NULL),
(331, 37, 'Epson pisa', 'NEMA', 1, 1, 0.8, NULL),
(332, 37, 'Brother pisa', 'NEMA', 1, 1, 0.8, NULL),
(333, 37, 'Canon pisa', 'NEMA', 1, 1, 0.8, NULL),
(334, 37, 'Canon pisa', 'NEMA', 1, 1, 0.8, NULL),
(335, 37, 'HP pisa', 'NEMA', 1, 1, 0.8, NULL),
(336, 37, 'Epson pisa', 'NEMA', 1, 1, 0.8, NULL),
(337, 37, 'Epson pisa', 'NEMA', 1, 1, 0.8, NULL),
(338, 37, 'Epson pisa', 'NEMA', 1, 1, 0.8, NULL),
(339, 37, 'Samsung pisa', 'NEMA', 1, 1, 0.8, NULL),
(340, 37, 'Samsung pisa', 'NEMA', 1, 1, 0.8, NULL),
(341, 37, 'HP pisa', 'NEMA', 1, 1, 0.8, NULL),
(342, 37, 'Canon pisa', 'NEMA', 1, 1, 0.8, NULL),
(343, 37, 'Brother pisa', 'NEMA', 1, 1, 0.8, NULL),
(344, 37, 'Canon pisa', 'NEMA', 1, 1, 0.8, NULL),
(345, 37, 'Epson pisa', 'NEMA', 1, 1, 0.8, NULL),
(346, 38, 'Fujitsu skener', 'NEMA', 1, 1, 0.8, NULL),
(347, 38, 'Epson skener', 'NEMA', 1, 1, 0.8, NULL),
(348, 38, 'Canon skener', 'NEMA', 1, 1, 0.8, NULL),
(349, 38, 'HP skener', 'NEMA', 1, 1, 0.8, NULL),
(350, 38, 'Canon skener', 'NEMA', 1, 1, 0.8, NULL),
(351, 38, 'Epson skener', 'NEMA', 1, 1, 0.8, NULL),
(352, 38, 'Fujitsu skener', 'NEMA', 1, 1, 0.8, NULL),
(353, 38, 'Epson skener', 'NEMA', 1, 1, 0.8, NULL),
(354, 38, 'Epson skener', 'NEMA', 1, 1, 0.8, NULL),
(355, 38, 'Epson skener', 'NEMA', 1, 1, 0.8, NULL),
(356, 38, 'Brother skener', 'NEMA', 1, 1, 0.8, NULL),
(357, 38, 'HP skener', 'NEMA', 1, 1, 0.8, NULL),
(358, 38, 'Fujitsu skener', 'NEMA', 1, 1, 0.8, NULL),
(359, 38, 'Fujitsu skener', 'NEMA', 1, 1, 0.8, NULL),
(360, 38, 'Brother skener', 'NEMA', 1, 1, 0.8, NULL),
(361, 39, 'SteelSeries slualice', 'NEMA', 1, 1, 0.8, NULL),
(362, 39, 'Audio-Technica slualice', 'NEMA', 1, 1, 0.8, NULL),
(363, 39, 'SteelSeries slualice', 'NEMA', 1, 1, 0.8, NULL),
(364, 39, 'Sony slualice', 'NEMA', 1, 1, 0.8, NULL),
(365, 39, 'Sony slualice', 'NEMA', 1, 1, 0.8, NULL),
(366, 39, 'SteelSeries slualice', 'NEMA', 1, 1, 0.8, NULL),
(367, 39, 'SteelSeries slualice', 'NEMA', 1, 1, 0.8, NULL),
(368, 39, 'Bose slualice', 'NEMA', 1, 1, 0.8, NULL),
(369, 39, 'Sony slualice', 'NEMA', 1, 1, 0.8, NULL),
(370, 39, 'SteelSeries slualice', 'NEMA', 1, 1, 0.8, NULL),
(371, 39, 'Sony slualice', 'NEMA', 1, 1, 0.8, NULL),
(372, 39, 'Audio-Technica slualice', 'NEMA', 1, 1, 0.8, NULL),
(373, 39, 'Sennheiser slualice', 'NEMA', 1, 1, 0.8, NULL),
(374, 39, 'SteelSeries slualice', 'NEMA', 1, 1, 0.8, NULL),
(375, 39, 'Sony slualice', 'NEMA', 1, 1, 0.8, NULL),
(376, 40, 'HyperX podloga za mi', 'NEMA', 1, 1, 0.8, NULL),
(377, 40, 'Logitech podloga za mi', 'NEMA', 1, 1, 0.8, NULL),
(378, 40, 'Razer podloga za mi', 'NEMA', 1, 1, 0.8, NULL),
(379, 40, 'Corsair podloga za mi', 'NEMA', 1, 1, 0.8, NULL),
(380, 40, 'Razer podloga za mi', 'NEMA', 1, 1, 0.8, NULL),
(381, 40, 'Corsair podloga za mi', 'NEMA', 1, 1, 0.8, NULL),
(382, 40, 'Razer podloga za mi', 'NEMA', 1, 1, 0.8, NULL),
(383, 40, 'HyperX podloga za mi', 'NEMA', 1, 1, 0.8, NULL),
(384, 40, 'SteelSeries podloga za mi', 'NEMA', 1, 1, 0.8, NULL),
(385, 40, 'Logitech podloga za mi', 'NEMA', 1, 1, 0.8, NULL),
(386, 40, 'Logitech podloga za mi', 'NEMA', 1, 1, 0.8, NULL),
(387, 40, 'Logitech podloga za mi', 'NEMA', 1, 1, 0.8, NULL),
(388, 40, 'Logitech podloga za mi', 'NEMA', 1, 1, 0.8, NULL),
(389, 40, 'Corsair podloga za mi', 'NEMA', 1, 1, 0.8, NULL),
(390, 40, 'Logitech podloga za mi', 'NEMA', 1, 1, 0.8, NULL),
(391, 41, 'Bush Furniture stol', 'NEMA', 1, 1, 0.8, NULL),
(392, 41, 'Ikea stol', 'NEMA', 1, 1, 0.8, NULL),
(393, 41, 'Ikea stol', 'NEMA', 1, 1, 0.8, NULL),
(394, 41, 'Bush Furniture stol', 'NEMA', 1, 1, 0.8, NULL),
(395, 41, 'Ikea stol', 'NEMA', 1, 1, 0.8, NULL),
(396, 41, 'Walker Edison stol', 'NEMA', 1, 1, 0.8, NULL),
(397, 41, 'Walker Edison stol', 'NEMA', 1, 1, 0.8, NULL),
(398, 41, 'Ikea stol', 'NEMA', 1, 1, 0.8, NULL),
(399, 41, 'Sauder stol', 'NEMA', 1, 1, 0.8, NULL),
(400, 41, 'Bush Furniture stol', 'NEMA', 1, 1, 0.8, NULL),
(401, 41, 'Bush Furniture stol', 'NEMA', 1, 1, 0.8, NULL),
(402, 41, 'Sauder stol', 'NEMA', 1, 1, 0.8, NULL),
(403, 41, 'Bush Furniture stol', 'NEMA', 1, 1, 0.8, NULL),
(404, 41, 'Bush Furniture stol', 'NEMA', 1, 1, 0.8, NULL),
(405, 41, 'Walker Edison stol', 'NEMA', 1, 1, 0.8, NULL),
(406, 42, 'Razer web kamera', 'NEMA', 1, 1, 0.8, NULL),
(407, 42, 'AverMedia web kamera', 'NEMA', 1, 1, 0.8, NULL),
(408, 42, 'HP web kamera', 'NEMA', 1, 1, 0.8, NULL),
(409, 42, 'Logitech web kamera', 'NEMA', 1, 1, 0.8, NULL),
(410, 42, 'Logitech web kamera', 'NEMA', 1, 1, 0.8, NULL),
(411, 42, 'AverMedia web kamera', 'NEMA', 1, 1, 0.8, NULL),
(412, 42, 'Microsoft web kamera', 'NEMA', 1, 1, 0.8, NULL),
(413, 42, 'AverMedia web kamera', 'NEMA', 1, 1, 0.8, NULL),
(414, 42, 'HP web kamera', 'NEMA', 1, 1, 0.8, NULL),
(415, 42, 'Razer web kamera', 'NEMA', 1, 1, 0.8, NULL),
(416, 42, 'Logitech web kamera', 'NEMA', 1, 1, 0.8, NULL),
(417, 42, 'HP web kamera', 'NEMA', 1, 1, 0.8, NULL),
(418, 42, 'HP web kamera', 'NEMA', 1, 1, 0.8, NULL),
(419, 42, 'Logitech web kamera', 'NEMA', 1, 1, 0.8, NULL),
(420, 42, 'Microsoft web kamera', 'NEMA', 1, 1, 0.8, NULL),
(421, 33, 'genius mi', 'neki opis', 17.95, 18, 0.95, NULL),
(422, 30, 'HP Victus', 'gaming laptop', 400, 400, 0.65, NULL),
(423, 29, 'Slika', 'cvijet', 1.15, 1, 0.1, 'proizvod_423.jpg'),
(424, 36, 'Novi proizvod', 'neki proizvod', 204, 204, 0.75, 'proizvod_424.jpg'),
(425, 31, 'test', 'test', 1, 1, 1, 'proizvod_425.png'),
(426, 32, 'test2', 'test2', 1, 1, 1, 'proizvod_426.jpg'),
(427, 32, 'test3', 'test3', 1, 1, 1, 'proizvod_427.png'),
(428, 33, 'test3', 'test3', 1, 1, 1, 'proizvod_428.png'),
(429, 32, 'test4', 'test4', 1, 1, 1, 'proizvod_429.jpg'),
(430, 31, 'asd', 'asd', 1, 1, 1, 'proizvod_430.jpg'),
(431, 34, 'dd', 'dd', 1, 1, 1, 'proizvod_431.jpg'),
(432, 30, 'genius mi', 'neki opis', 1, 1, 1, NULL),
(433, 33, 'dddd', 'dddd', 1, 1, 1, NULL),
(434, 33, 'neki novi', 'opis', 1, 1, 1, 'proizvod_434.png'),
(435, 33, 'neki novi', 'opis', 1, 1, 1, 'proizvod_435.png'),
(436, 33, 'neki novi', 'opis', 1, 1, 1, 'proizvod_436.png'),
(437, 33, 'neki novi', 'opis', 1, 1, 1, 'proizvod_437.png'),
(438, 33, 'neki novi', 'opis', 1, 1, 1, 'proizvod_438.png'),
(439, 33, 'neki novi', 'opis', 1, 1, 1, 'proizvod_439.png');

-- --------------------------------------------------------

--
-- Table structure for table `vl_scan`
--

CREATE TABLE `vl_scan` (
  `id` int(11) NOT NULL,
  `value` varchar(32) DEFAULT NULL,
  `standard` varchar(32) NOT NULL
) ENGINE=InnoDB DEFAULT CHARSET=utf8mb4 COLLATE=utf8mb4_general_ci;

--
-- Dumping data for table `vl_scan`
--

INSERT INTO `vl_scan` (`id`, `value`, `standard`) VALUES
(46, '1000300002338', 'EAN_13'),
(47, '1000300002352', 'EAN_13'),
(48, '1000320002585', 'EAN13'),
(49, '1000330002773', 'EAN13'),
(50, '1000320002585', 'EAN_13'),
(51, '1000320002646', 'EAN_13'),
(52, '1000320002677', 'EAN_13'),
(53, '1000320002707', 'EAN_13'),
(54, '1000320002585', 'EAN_13'),
(55, '1000320002585', 'EAN_13'),
(56, '11118282', 'EAN_8'),
(57, '1000320002578', 'EAN_13'),
(58, '1000320002585', 'EAN_13'),
(59, '1000320002585', 'EAN_13'),
(60, '1000320002585', 'EAN_13'),
(61, '1000320002615', 'EAN_13'),
(62, '1000320002615', 'EAN_13'),
(63, '1000320002585', 'EAN_13'),
(64, '1000320002585', 'EAN_13'),
(65, '1000320002585', 'EAN_13'),
(66, '1000320002707', 'EAN_13'),
(67, '1000320002585', 'EAN_13'),
(68, '1000320002653', 'EAN_13'),
(69, '1000320002707', 'EAN_13'),
(70, '1000350003088', 'EAN_13'),
(71, '1000330002759', 'EAN_13'),
(72, '1000400003761', 'EAN_13'),
(73, '1000400003877', 'EAN_13'),
(74, '1000400003846', 'EAN_13'),
(75, '1000400003815', 'EAN_13'),
(76, '1000420004076', 'EAN_13'),
(77, '1000320002691', 'EAN_13'),
(78, '1000330002766', 'EAN_13'),
(79, '1000320002646', 'EAN_13'),
(80, '1000320002677', 'EAN_13'),
(81, '1000320002707', 'EAN_13'),
(82, '1000360003214', 'EAN_13'),
(83, '1000350003101', 'EAN_13'),
(84, '1000350003095', 'EAN_13'),
(85, '1000320002677', 'EAN_13'),
(86, '1000320002707', 'EAN_13'),
(87, '1000320002653', 'EAN_13'),
(88, '1000330004333', 'EAN_13'),
(89, '1000300004325', 'EAN_13');

-- --------------------------------------------------------

--
-- Table structure for table `vl_session_cookies`
--

CREATE TABLE `vl_session_cookies` (
  `id` int(11) NOT NULL,
  `user_id` int(11) DEFAULT NULL,
  `expiry` datetime DEFAULT NULL,
  `token` varchar(32) DEFAULT NULL
) ENGINE=InnoDB DEFAULT CHARSET=utf8mb4 COLLATE=utf8mb4_general_ci;

--
-- Dumping data for table `vl_session_cookies`
--

INSERT INTO `vl_session_cookies` (`id`, `user_id`, `expiry`, `token`) VALUES
(47, 6, '2024-01-19 03:58:59', '646f107e5686678e328485fc80fe4fba'),
(48, 10, '2023-08-16 12:06:03', '5e5e613f47a34f1c317382b32ad0a5eb'),
(49, 13, '2023-08-04 16:53:30', '53682bf9cb21f0c71159cc20c7d2b829'),
(50, 9, '2023-08-03 10:59:49', '1fc16ee27955cd66ea2cb93e216167e9'),
(51, 14, '2023-11-20 20:37:45', '71ee547924939be49f97455fc6496cfb'),
(52, 16, '2023-08-04 10:07:15', '986b84c022385c2aa0249650932b81b4'),
(53, 18, '2023-08-05 14:38:29', '8a5e45e7b996307a089dabfcf52f3e72'),
(54, 24, '2023-12-24 20:27:29', '9d1d6259a0ea50fe50917e25abfada1f'),
(55, 25, '2023-12-09 12:38:48', '2abcd0f67152d1c533e9744e7971c94c'),
(56, 26, '2024-01-19 08:38:15', 'f3d9f2414bb0966a5a083c10bf666027'),
(57, 34, '2023-12-24 18:11:17', 'f642d1e8c37e458e2044bce0d18762c7'),
(58, 2, '2024-01-02 22:46:32', '662850a1cd69e292f2f538a61e92a154'),
(59, 3, '2024-01-08 10:29:27', 'ad4ff95b38025992e9146ee69864ecc1');

-- --------------------------------------------------------

--
-- Table structure for table `vl_stanje`
--

CREATE TABLE `vl_stanje` (
  `id` int(11) NOT NULL,
  `proizvod_id` int(11) NOT NULL,
  `ucionica_id` int(11) NOT NULL,
  `kolicina` int(11) NOT NULL
) ENGINE=InnoDB DEFAULT CHARSET=utf8mb4 COLLATE=utf8mb4_general_ci;

--
-- Dumping data for table `vl_stanje`
--

INSERT INTO `vl_stanje` (`id`, `proizvod_id`, `ucionica_id`, `kolicina`) VALUES
(1, 211, 10, 15),
(2, 212, 29, 7),
(3, 213, 4, 26),
(4, 214, 8, 5),
(5, 215, 4, 11),
(6, 216, 26, 17),
(7, 217, 4, 29),
(8, 218, 7, 19),
(9, 219, 4, 26),
(10, 220, 10, 24),
(11, 221, 9, 30),
(12, 222, 29, 28),
(13, 223, 28, 3),
(14, 224, 4, 27),
(15, 225, 4, 17),
(16, 226, 28, 20),
(17, 227, 4, 22),
(18, 228, 28, 25),
(19, 229, 4, 11),
(20, 230, 28, 23),
(21, 231, 26, 27),
(22, 232, 28, 11),
(23, 233, 3, 10),
(24, 234, 9, 22),
(25, 235, 5, 15),
(26, 236, 8, 30),
(27, 237, 4, 7),
(28, 238, 9, 5),
(29, 239, 5, 9),
(30, 240, 10, 25),
(31, 241, 1, 2),
(32, 242, 9, 17),
(33, 243, 10, 2),
(34, 244, 1, 12),
(35, 245, 8, 1),
(36, 246, 5, 6),
(37, 247, 10, 4),
(38, 248, 9, 6),
(39, 249, 8, 17),
(40, 250, 3, 2),
(41, 251, 1, 21),
(42, 252, 7, 1),
(43, 253, 1, 12),
(44, 254, 26, 17),
(45, 255, 6, 8),
(46, 256, 3, 16),
(47, 257, 4, 13),
(48, 258, 2, 4),
(49, 259, 29, 24),
(50, 260, 1, 15),
(51, 261, 28, 13),
(52, 262, 28, 30),
(53, 263, 8, 23),
(54, 264, 29, 25),
(55, 265, 8, 23),
(56, 266, 1, 1),
(57, 267, 10, 12),
(58, 268, 6, 21),
(59, 269, 10, 15),
(60, 270, 9, 23),
(61, 271, 4, 15),
(62, 272, 2, 9),
(63, 273, 28, 26),
(64, 274, 1, 19),
(65, 275, 3, 29),
(66, 276, 1, 20),
(67, 277, 9, 19),
(68, 278, 10, 8),
(69, 279, 28, 29),
(70, 280, 26, 29),
(71, 281, 28, 4),
(72, 282, 28, 30),
(73, 283, 3, 22),
(74, 284, 7, 7),
(75, 285, 6, 12),
(76, 286, 6, 20),
(77, 287, 2, 18),
(78, 288, 2, 25),
(79, 289, 2, 12),
(80, 290, 1, 28),
(81, 291, 6, 13),
(82, 292, 10, 10),
(83, 293, 26, 26),
(84, 294, 5, 18),
(85, 295, 4, 22),
(86, 296, 1, 13),
(87, 297, 7, 7),
(88, 298, 5, 13),
(89, 299, 2, 6),
(90, 300, 9, 1),
(91, 301, 28, 25),
(92, 302, 9, 30),
(93, 303, 29, 14),
(94, 304, 29, 12),
(95, 305, 2, 22),
(96, 306, 9, 3),
(97, 307, 9, 18),
(98, 308, 2, 3),
(99, 309, 26, 2),
(100, 310, 10, 14),
(101, 311, 4, 13),
(102, 312, 28, 17),
(103, 313, 5, 7),
(104, 314, 6, 14),
(105, 315, 5, 27),
(106, 316, 6, 18),
(107, 317, 4, 8),
(108, 318, 1, 13),
(109, 319, 4, 14),
(110, 320, 5, 22),
(111, 321, 2, 28),
(112, 322, 4, 13),
(113, 323, 3, 4),
(114, 324, 4, 21),
(115, 325, 4, 18),
(116, 326, 9, 14),
(117, 327, 10, 28),
(118, 328, 4, 8),
(119, 329, 10, 9),
(120, 330, 29, 20),
(121, 331, 10, 21),
(122, 332, 7, 1),
(123, 333, 1, 6),
(124, 334, 9, 3),
(125, 335, 10, 13),
(126, 336, 5, 26),
(127, 337, 9, 26),
(128, 338, 26, 10),
(129, 339, 8, 21),
(130, 340, 8, 13),
(131, 341, 1, 20),
(132, 342, 4, 5),
(133, 343, 9, 1),
(134, 344, 7, 18),
(135, 345, 29, 4),
(136, 346, 28, 9),
(137, 347, 9, 7),
(138, 348, 6, 12),
(139, 349, 5, 28),
(140, 350, 7, 19),
(141, 351, 9, 14),
(142, 352, 2, 24),
(143, 353, 7, 22),
(144, 354, 8, 27),
(145, 355, 29, 10),
(146, 356, 9, 24),
(147, 357, 7, 17),
(148, 358, 10, 4),
(149, 359, 1, 1),
(150, 360, 26, 14),
(151, 361, 1, 3),
(152, 362, 4, 27),
(153, 363, 4, 6),
(154, 364, 3, 25),
(155, 365, 5, 4),
(156, 366, 9, 1),
(157, 367, 28, 6),
(158, 368, 4, 1),
(159, 369, 28, 26),
(160, 370, 3, 23),
(161, 371, 1, 21),
(162, 372, 4, 18),
(163, 373, 3, 15),
(164, 374, 7, 14),
(165, 375, 6, 7),
(166, 376, 2, 22),
(167, 377, 6, 17),
(168, 378, 28, 29),
(169, 379, 28, 28),
(170, 380, 4, 9),
(171, 381, 7, 26),
(172, 382, 9, 17),
(173, 383, 9, 11),
(174, 384, 7, 17),
(175, 385, 4, 3),
(176, 386, 26, 17),
(177, 387, 2, 14),
(178, 388, 2, 13),
(179, 389, 2, 3),
(180, 390, 28, 25),
(181, 391, 8, 13),
(182, 392, 4, 8),
(183, 393, 7, 18),
(184, 394, 7, 3),
(185, 395, 26, 3),
(186, 396, 3, 22),
(187, 397, 6, 8),
(188, 398, 4, 2),
(189, 399, 10, 18),
(190, 400, 2, 8),
(191, 401, 3, 26),
(192, 402, 28, 18),
(193, 403, 1, 1),
(194, 404, 4, 27),
(195, 405, 8, 17),
(196, 406, 29, 14),
(197, 407, 2, 5),
(198, 408, 26, 20),
(199, 409, 6, 21),
(200, 410, 6, 3),
(201, 411, 1, 3),
(202, 412, 8, 24),
(203, 413, 26, 8),
(204, 414, 1, 20),
(205, 415, 8, 17),
(206, 416, 3, 16),
(207, 417, 7, 4),
(208, 418, 5, 5),
(209, 419, 6, 19),
(210, 420, 9, 3),
(211, 421, 4, 9),
(212, 422, 6, 10),
(213, 423, 10, 30),
(214, 424, 28, 26),
(215, 425, 9, 12),
(216, 426, 1, 19),
(217, 427, 4, 18),
(218, 428, 26, 18),
(219, 429, 1, 11),
(220, 430, 6, 15),
(221, 431, 6, 27),
(222, 432, 10, 14),
(223, 433, 7, 28),
(224, 434, 8, 2),
(225, 435, 26, 29),
(226, 436, 5, 15),
(227, 437, 1, 14),
(228, 438, 3, 3),
(229, 439, 6, 12);

-- --------------------------------------------------------

--
-- Table structure for table `vl_tipovi_proizvoda`
--

CREATE TABLE `vl_tipovi_proizvoda` (
  `id` int(3) NOT NULL,
  `tip` varchar(64) DEFAULT NULL
) ENGINE=InnoDB DEFAULT CHARSET=utf8mb4 COLLATE=utf8mb4_general_ci;

--
-- Dumping data for table `vl_tipovi_proizvoda`
--

INSERT INTO `vl_tipovi_proizvoda` (`id`, `tip`) VALUES
(29, 'stolac'),
(30, 'laptop'),
(31, 'monitor'),
(32, 'tipkovnica'),
(33, 'mi'),
(34, 'raunalo'),
(35, 'projektor'),
(36, 'HDMI kabel'),
(37, 'pisa'),
(38, 'skener'),
(39, 'slualice'),
(40, 'podloga za mi'),
(41, 'stol'),
(42, 'web kamera');

-- --------------------------------------------------------

--
-- Table structure for table `vl_ucionice`
--

CREATE TABLE `vl_ucionice` (
  `id` int(11) NOT NULL,
  `oznaka` varchar(4) DEFAULT NULL,
  `opis` varchar(255) DEFAULT 'Nema opisa',
  `barkod` varchar(13) NOT NULL
) ENGINE=InnoDB DEFAULT CHARSET=utf8mb4 COLLATE=utf8mb4_general_ci;

--
-- Dumping data for table `vl_ucionice`
--

INSERT INTO `vl_ucionice` (`id`, `oznaka`, `opis`, `barkod`) VALUES
(1, 'P0', 'Nema opisa', '2000000000015'),
(2, 'P1', 'Nema opisa', '2000000000022'),
(3, 'P2', 'Nema opisa', '2000000000039'),
(4, 'P3', 'Nema opisa', '2000000000046'),
(5, 'P4', 'Nema opisa', '2000000000053'),
(6, 'P5', 'p5 ima opis', '2000000000060'),
(7, 'P6', 'Nema opisa', '2000000000077'),
(8, 'P7', 'Nema opisa', '2000000000084'),
(9, '16', 'Matematika', '2000000000091'),
(10, '32', 'Informatika', '2000000000107'),
(26, '38', 'neki opis', '2000000000268'),
(28, '11', 'kemija', '2000000000282'),
(29, '22', 'ravnatelj', '2000000000299');

-- --------------------------------------------------------

--
-- Table structure for table `vl_users`
--

CREATE TABLE `vl_users` (
  `id` int(11) NOT NULL,
  `ime` varchar(32) NOT NULL,
  `prezime` varchar(32) NOT NULL,
  `username` varchar(30) DEFAULT NULL,
  `email` varchar(100) DEFAULT NULL,
  `password` varchar(255) DEFAULT NULL,
  `role` varchar(32) NOT NULL,
  `datum_registracije` datetime NOT NULL DEFAULT current_timestamp()
) ENGINE=InnoDB DEFAULT CHARSET=utf8mb4 COLLATE=utf8mb4_general_ci;

--
-- Dumping data for table `vl_users`
--

INSERT INTO `vl_users` (`id`, `ime`, `prezime`, `username`, `email`, `password`, `role`, `datum_registracije`) VALUES
(1, 'Prvi', 'User', 'vito', 'vito@email.com', 'list', 'admin', '2023-12-23 14:46:36'),
(2, 'Sara', 'Dunjko', 'sara', 'sara@email.com', '5bd537fc3789b5482e4936968f0fde95', 'admin', '2023-12-23 14:46:36'),
(3, 'Frano', 'List', 'frano', 'frano@email.com', '714a9186eaf319b527d387e8fd606485', 'user', '2023-12-23 14:46:36'),
(6, 'Vito', 'List', 'vito', 'vito.list2005@gmail.com', '1a191e3d2dd0011568e30e898b81bab6', 'admin', '2023-12-23 14:46:36'),
(24, 'Micko', 'Mali', 'micko', 'micko', '1a191e3d2dd0011568e30e898b81bab6', 'user', '2023-12-23 14:46:36'),
(26, 'Mirko', 'Jambroi', 'mirko', 'mirko.jambrosic@skole.hr', '13592f2caf86af30572a825229a2a8dc', 'admin', '2023-12-23 14:46:36'),
(33, 'Test', 'Test', 'test', 'testing@inventura.hr', '098f6bcd4621d373cade4e832627b4f6', 'user', '2023-12-23 14:46:36');

--
-- Indexes for dumped tables
--

--
-- Indexes for table `vl_barkodovi`
--
ALTER TABLE `vl_barkodovi`
  ADD PRIMARY KEY (`id`);

--
-- Indexes for table `vl_evidencija`
--
ALTER TABLE `vl_evidencija`
  ADD PRIMARY KEY (`id`),
  ADD UNIQUE KEY `unique_combination` (`proizvod_id`,`inventura_id`,`ucionica_id`);

--
-- Indexes for table `vl_inventura`
--
ALTER TABLE `vl_inventura`
  ADD PRIMARY KEY (`id`);

--
-- Indexes for table `vl_invite_codes`
--
ALTER TABLE `vl_invite_codes`
  ADD PRIMARY KEY (`id`);

--
-- Indexes for table `vl_mysql_errors`
--
ALTER TABLE `vl_mysql_errors`
  ADD PRIMARY KEY (`id`);

--
-- Indexes for table `vl_otpisano`
--
ALTER TABLE `vl_otpisano`
  ADD PRIMARY KEY (`id`);

--
-- Indexes for table `vl_pozvani`
--
ALTER TABLE `vl_pozvani`
  ADD PRIMARY KEY (`id`);

--
-- Indexes for table `vl_proizvodi`
--
ALTER TABLE `vl_proizvodi`
  ADD PRIMARY KEY (`id`);

--
-- Indexes for table `vl_scan`
--
ALTER TABLE `vl_scan`
  ADD PRIMARY KEY (`id`);

--
-- Indexes for table `vl_session_cookies`
--
ALTER TABLE `vl_session_cookies`
  ADD PRIMARY KEY (`id`);

--
-- Indexes for table `vl_stanje`
--
ALTER TABLE `vl_stanje`
  ADD PRIMARY KEY (`id`);

--
-- Indexes for table `vl_tipovi_proizvoda`
--
ALTER TABLE `vl_tipovi_proizvoda`
  ADD PRIMARY KEY (`id`);

--
-- Indexes for table `vl_ucionice`
--
ALTER TABLE `vl_ucionice`
  ADD PRIMARY KEY (`id`);

--
-- Indexes for table `vl_users`
--
ALTER TABLE `vl_users`
  ADD PRIMARY KEY (`id`);

--
-- AUTO_INCREMENT for dumped tables
--

--
-- AUTO_INCREMENT for table `vl_barkodovi`
--
ALTER TABLE `vl_barkodovi`
  MODIFY `id` int(11) NOT NULL AUTO_INCREMENT, AUTO_INCREMENT=230;

--
-- AUTO_INCREMENT for table `vl_evidencija`
--
ALTER TABLE `vl_evidencija`
  MODIFY `id` int(11) NOT NULL AUTO_INCREMENT, AUTO_INCREMENT=1689;

--
-- AUTO_INCREMENT for table `vl_inventura`
--
ALTER TABLE `vl_inventura`
  MODIFY `id` int(11) NOT NULL AUTO_INCREMENT, AUTO_INCREMENT=33;

--
-- AUTO_INCREMENT for table `vl_invite_codes`
--
ALTER TABLE `vl_invite_codes`
  MODIFY `id` int(11) NOT NULL AUTO_INCREMENT, AUTO_INCREMENT=14;

--
-- AUTO_INCREMENT for table `vl_mysql_errors`
--
ALTER TABLE `vl_mysql_errors`
  MODIFY `id` int(11) NOT NULL AUTO_INCREMENT, AUTO_INCREMENT=1794;

--
-- AUTO_INCREMENT for table `vl_otpisano`
--
ALTER TABLE `vl_otpisano`
  MODIFY `id` int(11) NOT NULL AUTO_INCREMENT;

--
-- AUTO_INCREMENT for table `vl_pozvani`
--
ALTER TABLE `vl_pozvani`
  MODIFY `id` int(11) NOT NULL AUTO_INCREMENT, AUTO_INCREMENT=4;

--
-- AUTO_INCREMENT for table `vl_proizvodi`
--
ALTER TABLE `vl_proizvodi`
  MODIFY `id` int(11) NOT NULL AUTO_INCREMENT, AUTO_INCREMENT=440;

--
-- AUTO_INCREMENT for table `vl_scan`
--
ALTER TABLE `vl_scan`
  MODIFY `id` int(11) NOT NULL AUTO_INCREMENT, AUTO_INCREMENT=90;

--
-- AUTO_INCREMENT for table `vl_session_cookies`
--
ALTER TABLE `vl_session_cookies`
  MODIFY `id` int(11) NOT NULL AUTO_INCREMENT, AUTO_INCREMENT=60;

--
-- AUTO_INCREMENT for table `vl_stanje`
--
ALTER TABLE `vl_stanje`
  MODIFY `id` int(11) NOT NULL AUTO_INCREMENT, AUTO_INCREMENT=230;

--
-- AUTO_INCREMENT for table `vl_tipovi_proizvoda`
--
ALTER TABLE `vl_tipovi_proizvoda`
  MODIFY `id` int(3) NOT NULL AUTO_INCREMENT, AUTO_INCREMENT=43;

--
-- AUTO_INCREMENT for table `vl_ucionice`
--
ALTER TABLE `vl_ucionice`
  MODIFY `id` int(11) NOT NULL AUTO_INCREMENT, AUTO_INCREMENT=34;

--
-- AUTO_INCREMENT for table `vl_users`
--
ALTER TABLE `vl_users`
  MODIFY `id` int(11) NOT NULL AUTO_INCREMENT, AUTO_INCREMENT=35;
COMMIT;

/*!40101 SET CHARACTER_SET_CLIENT=@OLD_CHARACTER_SET_CLIENT */;
/*!40101 SET CHARACTER_SET_RESULTS=@OLD_CHARACTER_SET_RESULTS */;
/*!40101 SET COLLATION_CONNECTION=@OLD_COLLATION_CONNECTION */;
